产品名字,产品型号,产品价格,产品以前价格,产品颜色,产品尺寸,产品详情,产品图片,产品位置,适合人群,产品页面编号,产品url
goods_name,goods_model,goods_price,goods_discount_price,goods_color,goods_size,goods_details,goods_images,goods_num,gender,goods_page,goods_url
Red MAN Script Embroidered Cap,MZZ54766-black,£5.60,£8.00,black,['onesize'],"['Add attitude with accessories for those fashion-forward finishing touches', ""It's all about accessories for injecting individuality into your look. Find your festival favourites from fedora hats and floral crowns to bumbags and body glitter, play up your partywear with a pop of pastel nail polish and make a statement in oversized sunglasses. Forget less is more, this season we're all for out-there hair, beauty and jewellery."", '100% Cotton. Red MAN Script Embroidered Cap. One Size.']","['https://i1.adis.ws/i/boohooamplience/mzz54766_black_xl', 'https://i1.adis.ws/i/boohooamplience/mzz54766_black_xl_1', 'https://i1.adis.ws/i/boohooamplience/mzz54766_black_xl_2']",1,mens,1,https://www.boohoo.com/red-man-script-embroidered-cap/MZZ54766.html
MAN Care Label Yellow Embroidered Cap,MZZ53916-black,£7.00,£10.00,black,['onesize'],"['Add attitude with accessories for those fashion-forward finishing touches', ""It's all about accessories for injecting individuality into your look. Find your festival favourites from fedora hats and floral crowns to bumbags and body glitter, play up your partywear with a pop of pastel nail polish and make a statement in oversized sunglasses. Forget less is more, this season we're all for out-there hair, beauty and jewellery.""]","['https://i1.adis.ws/i/boohooamplience/mzz53916_black_xl', 'https://i1.adis.ws/i/boohooamplience/mzz53916_black_xl_1', 'https://i1.adis.ws/i/boohooamplience/mzz53916_black_xl_2', 'https://i1.adis.ws/i/boohooamplience/mzz53916_black_xl_3']",6,mens,1,https://www.boohoo.com/man-care-label-yellow-embroidered-cap/MZZ53916.html
Los Angeles Embroidered Cap,MZZ53585-black,£5.60,£8.00,black,['onesize'],"['Bring your accessories a-game with boohooMAN', ""Add attitude to your look with the latest from our accessories edit. Give a heads up to slogan snapbacks and beanies, layer up in a statement scarf or snood and carry your everyday essentials in a heavy duty backpack. Fashion's finishing touches are all in the accessories."", '100% Cotton. Los Angeles Embroidered Cap. One Size.']","['https://i1.adis.ws/i/boohooamplience/mzz53585_black_xl', 'https://i1.adis.ws/i/boohooamplience/mzz53585_black_xl_1', 'https://i1.adis.ws/i/boohooamplience/mzz53585_black_xl_2']",3,mens,1,https://www.boohoo.com/los-angeles-embroidered-cap/MZZ53585.html
MAN Care Label Embroidered Cap,MZZ53914-black,£7.00,£10.00,black,['onesize'],"['Add attitude with accessories for those fashion-forward finishing touches', ""It's all about accessories for injecting individuality into your look. Find your festival favourites from fedora hats and floral crowns to bumbags and body glitter, play up your partywear with a pop of pastel nail polish and make a statement in oversized sunglasses. Forget less is more, this season we're all for out-there hair, beauty and jewellery."", '100% Cotton. MAN Care Label Embroidered Cap. One Size.']","['https://i1.adis.ws/i/boohooamplience/mzz53914_black_xl', 'https://i1.adis.ws/i/boohooamplience/mzz53914_black_xl_1', 'https://i1.adis.ws/i/boohooamplience/mzz53914_black_xl_2', 'https://i1.adis.ws/i/boohooamplience/mzz53914_black_xl_3']",7,mens,1,https://www.boohoo.com/man-care-label-embroidered-cap/MZZ53914.html
Rose Embroidered Cap,MZZ64977-black,£5.60,£8.00,black,['onesize'],"['Add attitude with accessories for those fashion-forward finishing touches', ""It's all about accessories for injecting individuality into your look. Find your festival favourites from fedora hats and floral crowns to bumbags and body glitter, play up your partywear with a pop of pastel nail polish and make a statement in oversized sunglasses. Forget less is more, this season we're all for out-there hair, beauty and jewellery."", '100% Cotton. Rose Embroidered Cap. One Size.']","['https://i1.adis.ws/i/boohooamplience/mzz64977_black_xl', 'https://i1.adis.ws/i/boohooamplience/mzz64977_black_xl_1', 'https://i1.adis.ws/i/boohooamplience/mzz64977_black_xl_2', 'https://i1.adis.ws/i/boohooamplience/mzz64977_black_xl_3']",9,mens,1,https://www.boohoo.com/rose-embroidered-cap/MZZ64977.html
Sneaker Mesh 6 Panel Cap,MZZ63338-black,£4.20,£6.00,black,['onesize'],"['Bring your accessories a-game with boohooMAN', ""Add attitude to your look with the latest from our accessories edit. Give a heads up to slogan snapbacks and beanies, layer up in a statement scarf or snood and carry your everyday essentials in a heavy duty backpack. Fashion's finishing touches are all in the accessories."", 'Front: 100% Cotton, Back: 100% Polyester. Black Sneaker Mesh 6 Panel Cap. Adjustable Velcro Fastening. One Size.']","['https://i1.adis.ws/i/boohooamplience/mzz63338_black_xl', 'https://i1.adis.ws/i/boohooamplience/mzz63338_black_xl_1', 'https://i1.adis.ws/i/boohooamplience/mzz63338_black_xl_2', 'https://i1.adis.ws/i/boohooamplience/mzz63338_black_xl_3']",11,mens,1,https://www.boohoo.com/sneaker-mesh-6-panel-cap/MZZ63338.html
Chunky Knit Bobble Beanie,MZZ57655-grey,£3.50,£5.00,grey,['onesize'],"['Add attitude with accessories for those fashion-forward finishing touches', ""It's all about accessories for injecting individuality into your look. Find your festival favourites from fedora hats and floral crowns to bumbags and body glitter, play up your partywear with a pop of pastel nail polish and make a statement in oversized sunglasses. Forget less is more, this season we're all for out-there hair, beauty and jewellery."", '100% Acrylic. Chunky Knit Bobble Beanie. One Size.']","['https://i1.adis.ws/i/boohooamplience/mzz57655_grey_xl', 'https://i1.adis.ws/i/boohooamplience/mzz57655_grey_xl_1', 'https://i1.adis.ws/i/boohooamplience/mzz57655_grey_xl_2']",8,mens,1,https://www.boohoo.com/chunky-knit-bobble-beanie/MZZ57655.html?color=131
MAN All Over Knit Beanie,MZZ52853-black,£5.60,£8.00,black,['onesize'],"['Bring your accessories a-game with boohooMAN', ""Add attitude to your look with the latest from our accessories edit. Give a heads up to slogan snapbacks and beanies, layer up in a statement scarf or snood and carry your everyday essentials in a heavy duty backpack. Fashion's finishing touches are all in the accessories."", '100% Acrylic. MAN All Over Knit Beanie. One Size.']","['https://i1.adis.ws/i/boohooamplience/mzz52853_black_xl', 'https://i1.adis.ws/i/boohooamplience/mzz52853_black_xl_1']",2,mens,1,https://www.boohoo.com/man-all-over-knit-beanie/MZZ52853.html?color=105
Faux Suede 6 Panel Cap With MAN Embroidery,MZZ63345-black,£5.60,£8.00,black,['onesize'],"['Bring your accessories a-game with boohooMAN', ""Add attitude to your look with the latest from our accessories edit. Give a heads up to slogan snapbacks and beanies, layer up in a statement scarf or snood and carry your everyday essentials in a heavy duty backpack. Fashion's finishing touches are all in the accessories."", '100% Polyester. Black Faux Suede 6 Panel Cap With MAN Embroidery. Adjustable Clip Fastening. One Size.']","['https://i1.adis.ws/i/boohooamplience/mzz63345_black_xl', 'https://i1.adis.ws/i/boohooamplience/mzz63345_black_xl_1', 'https://i1.adis.ws/i/boohooamplience/mzz63345_black_xl_2', 'https://i1.adis.ws/i/boohooamplience/mzz63345_black_xl_3']",10,mens,1,https://www.boohoo.com/faux-suede-6-panel-cap-with-man-embroidery/MZZ63345.html
MAN Script Trucker,MZZ61710-khaki,£5.60,£8.00,khaki,['onesize'],"['Bring your accessories a-game with boohooMAN', ""Add attitude to your look with the latest from our accessories edit. Give a heads up to slogan snapbacks and beanies, layer up in a statement scarf or snood and carry your everyday essentials in a heavy duty backpack. Fashion's finishing touches are all in the accessories."", 'Front: 100% Cotton, Back: 100% Polyester. MAN Script Trucker in Khaki. Adjustable Snap Fastening. One Size.']","['https://i1.adis.ws/i/boohooamplience/mzz61710_khaki_xl', 'https://i1.adis.ws/i/boohooamplience/mzz61710_khaki_xl_1', 'https://i1.adis.ws/i/boohooamplience/mzz61710_khaki_xl_2', 'https://i1.adis.ws/i/boohooamplience/mzz61710_khaki_xl_3']",5,mens,1,https://www.boohoo.com/man-script-trucker/MZZ61710.html
Check Baker Boy,DZZ05645-natural,£7.60,£10.00,natural,['onesize'],"['Add attitude with accessories for those fashion-forward finishing touches', ""It's all about accessories for injecting individuality into your look. Find your festival favourites from fedora hats and floral crowns to bumbags and body glitter, play up your partywear with a pop of pastel nail polish and make a statement in oversized sunglasses. Forget less is more, this season we're all for out-there hair, beauty and jewellery."", 'ONESIZE.']",['https://i1.adis.ws/i/boohooamplience/dzz05645_natural_xl'],27,womens,2,https://www.boohoo.com/check-baker-boy/DZZ05645.html
Mesh Back Trucker Cap with Snap Adjuster,MZZ63334-black,£4.20,£6.00,black,['onesize'],"['Bring your accessories a-game with boohooMAN', ""Add attitude to your look with the latest from our accessories edit. Give a heads up to slogan snapbacks and beanies, layer up in a statement scarf or snood and carry your everyday essentials in a heavy duty backpack. Fashion's finishing touches are all in the accessories."", '100% Polyester. Mesh Back Trucker Cap with Snap Adjuster. Black Panels with Black Mesh. One Size.']","['https://i1.adis.ws/i/boohooamplience/mzz63334_black_xl', 'https://i1.adis.ws/i/boohooamplience/mzz63334_black_xl_1', 'https://i1.adis.ws/i/boohooamplience/mzz63334_black_xl_2']",21,mens,1,https://www.boohoo.com/mesh-back-trucker-cap-with-snap-adjuster/MZZ63334.html
Faux Suede Embroidered Cap,MZZ54027-black,£5.60,£8.00,black,['onesize'],"['Bring your accessories a-game with boohooMAN', ""Add attitude to your look with the latest from our accessories edit. Give a heads up to slogan snapbacks and beanies, layer up in a statement scarf or snood and carry your everyday essentials in a heavy duty backpack. Fashion's finishing touches are all in the accessories."", '100% Polyester. Faux Suede Embroidered Cap. Model Is 6\'1"" And Wears Size Onesize.']","['https://i1.adis.ws/i/boohooamplience/mzz54027_black_xl', 'https://i1.adis.ws/i/boohooamplience/mzz54027_black_xl_1', 'https://i1.adis.ws/i/boohooamplience/mzz54027_black_xl_2']",22,mens,1,https://www.boohoo.com/faux-suede-embroidered-cap/MZZ54027.html
Cable Knit Faux Fur Pom Beanie,DZZ33749-red,£6.08,£8.00,red,['onesize'],"['Add attitude with accessories for those fashion-forward finishing touches', ""It's all about accessories for injecting individuality into your look. Find your festival favourites from fedora hats and floral crowns to bumbags and body glitter, play up your partywear with a pop of pastel nail polish and make a statement in oversized sunglasses. Forget less is more, this season we're all for out-there hair, beauty and jewellery."", 'ONE SIZE']","['https://i1.adis.ws/i/boohooamplience/dzz33749_red_xl', 'https://i1.adis.ws/i/boohooamplience/dzz33749_red_xl_1']",23,womens,2,https://www.boohoo.com/cable-knit-faux-fur-pom-beanie/DZZ33749.html?color=105
Cotton Twill MAN Micro Beanie,MZZ54312-black,£7.00,£10.00,black,['onesize'],"['Bring your accessories a-game with boohooMAN', ""Add attitude to your look with the latest from our accessories edit. Give a heads up to slogan snapbacks and beanies, layer up in a statement scarf or snood and carry your everyday essentials in a heavy duty backpack. Fashion's finishing touches are all in the accessories.""]","['https://i1.adis.ws/i/boohooamplience/mzz54312_black_xl', 'https://i1.adis.ws/i/boohooamplience/mzz54312_black_xl_1', 'https://i1.adis.ws/i/boohooamplience/mzz54312_black_xl_2']",20,mens,1,https://www.boohoo.com/cotton-twill-man-micro-beanie/MZZ54312.html
Cable Knit Bobble Beanie,MZZ57652-black,£2.80,£4.00,black,['onesize'],"['Add attitude with accessories for those fashion-forward finishing touches', ""It's all about accessories for injecting individuality into your look. Find your festival favourites from fedora hats and floral crowns to bumbags and body glitter, play up your partywear with a pop of pastel nail polish and make a statement in oversized sunglasses. Forget less is more, this season we're all for out-there hair, beauty and jewellery."", '100% Acrylic. Cable Knit Bobble Beanie. One Size.']","['https://i1.adis.ws/i/boohooamplience/mzz57652_black_xl', 'https://i1.adis.ws/i/boohooamplience/mzz57652_black_xl_1', 'https://i1.adis.ws/i/boohooamplience/mzz57652_black_xl_2']",53,mens,1,https://www.boohoo.com/cable-knit-bobble-beanie/MZZ57652.html?color=105
Beret Hat,DZZ08650-cream,£6.08,£8.00,cream,['onesize'],"['Add attitude with accessories for those fashion-forward finishing touches', ""It's all about accessories for injecting individuality into your look. Find your festival favourites from fedora hats and floral crowns to bumbags and body glitter, play up your partywear with a pop of pastel nail polish and make a statement in oversized sunglasses. Forget less is more, this season we're all for out-there hair, beauty and jewellery."", 'ONE SIZE']","['https://i1.adis.ws/i/boohooamplience/dzz08650_cream_xl', 'https://i1.adis.ws/i/boohooamplience/dzz08650_cream_xl_1', 'https://i1.adis.ws/i/boohooamplience/dzz08650_cream_xl_2']",12,womens,2,https://www.boohoo.com/beret-hat/DZZ08650.html?color=123
Fedora Hat,DZZ04415-black,£7.60,£10.00,black,['onesize'],"['Add attitude with accessories for those fashion-forward finishing touches', ""It's all about accessories for injecting individuality into your look. Find your festival favourites from fedora hats and floral crowns to bumbags and body glitter, play up your partywear with a pop of pastel nail polish and make a statement in oversized sunglasses. Forget less is more, this season we're all for out-there hair, beauty and jewellery."", 'ONESIZE.']","['https://i1.adis.ws/i/boohooamplience/dzz04415_black_xl', 'https://i1.adis.ws/i/boohooamplience/dzz04415_black_xl_1', 'https://i1.adis.ws/i/boohooamplience/dzz04415_black_xl_2']",21,womens,2,https://www.boohoo.com/fedora-hat/DZZ04415.html?color=105
Felt Beret,DZZ27011-black,£6.08,£8.00,black,['onesize'],"['Add attitude with accessories for those fashion-forward finishing touches', ""It's all about accessories for injecting individuality into your look. Find your festival favourites from fedora hats and floral crowns to bumbags and body glitter, play up your partywear with a pop of pastel nail polish and make a statement in oversized sunglasses. Forget less is more, this season we're all for out-there hair, beauty and jewellery."", 'ONESIZE.']","['https://i1.adis.ws/i/boohooamplience/dzz27011_black_xl', 'https://i1.adis.ws/i/boohooamplience/dzz27011_black_xl_1', 'https://i1.adis.ws/i/boohooamplience/dzz27011_black_xl_2']",8,womens,2,https://www.boohoo.com/felt-beret/DZZ27011.html?color=105
Cord Baker Boy Hat,DZZ02693-black,£7.60,£10.00,black,['onesize'],"['Add attitude with accessories for those fashion-forward finishing touches', ""It's all about accessories for injecting individuality into your look. Find your festival favourites from fedora hats and floral crowns to bumbags and body glitter, play up your partywear with a pop of pastel nail polish and make a statement in oversized sunglasses. Forget less is more, this season we're all for out-there hair, beauty and jewellery."", 'ONESIZE.']","['https://i1.adis.ws/i/boohooamplience/dzz02693_black_xl', 'https://i1.adis.ws/i/boohooamplience/dzz02693_black_xl_1', 'https://i1.adis.ws/i/boohooamplience/dzz02693_black_xl_2']",11,womens,2,https://www.boohoo.com/cord-baker-boy-hat/DZZ02693.html?color=105
Bakerboy Hat,DZZ04416-black,£7.60,£10.00,black,['onesize'],"['Add attitude with accessories for those fashion-forward finishing touches', ""It's all about accessories for injecting individuality into your look. Find your festival favourites from fedora hats and floral crowns to bumbags and body glitter, play up your partywear with a pop of pastel nail polish and make a statement in oversized sunglasses. Forget less is more, this season we're all for out-there hair, beauty and jewellery."", 'ONE SIZE.']","['https://i1.adis.ws/i/boohooamplience/dzz04416_black_xl', 'https://i1.adis.ws/i/boohooamplience/dzz04416_black_xl_1', 'https://i1.adis.ws/i/boohooamplience/dzz04416_black_xl_2', 'https://i1.adis.ws/i/boohooamplience/dzz04416_black_xl_3']",5,womens,2,https://www.boohoo.com/bakerboy-hat/DZZ04416.html?color=105
Woman Script Embroidered Cap,DZZ22554-black,£6.08,£8.00,black,['onesize'],"['Add attitude with accessories for those fashion-forward finishing touches', ""It's all about accessories for injecting individuality into your look. Find your festival favourites from fedora hats and floral crowns to bumbags and body glitter, play up your partywear with a pop of pastel nail polish and make a statement in oversized sunglasses. Forget less is more, this season we're all for out-there hair, beauty and jewellery."", 'ONE SIZE']","['https://i1.adis.ws/i/boohooamplience/dzz22554_black_xl', 'https://i1.adis.ws/i/boohooamplience/dzz22554_black_xl_1', 'https://i1.adis.ws/i/boohooamplience/dzz22554_black_xl_2']",4,womens,2,https://www.boohoo.com/woman-script-embroidered-cap/DZZ22554.html
MAN MMXIII Embroidered Cap,MZZ51942-light grey,£5.60,£8.00,light grey,['onesize'],"['Bring your accessories a-game with boohooMAN', ""Add attitude to your look with the latest from our accessories edit. Give a heads up to slogan snapbacks and beanies, layer up in a statement scarf or snood and carry your everyday essentials in a heavy duty backpack. Fashion's finishing touches are all in the accessories."", '100% Cotton. MAN MMXIII Embroidered Cap. One Size.']","['https://i1.adis.ws/i/boohooamplience/mzz51942_light grey_xl', 'https://i1.adis.ws/i/boohooamplience/mzz51942_light grey_xl_1', 'https://i1.adis.ws/i/boohooamplience/mzz51942_light grey_xl_2']",52,mens,1,https://www.boohoo.com/man-mmxiii-embroidered-cap/MZZ51942.html
Erin Plain Cap,DZZ83659-black,£3.80,£5.00,black,['onesize'],"['Add attitude with accessories for those fashion-forward finishing touches', ""It's all about accessories for injecting individuality into your look. Find your festival favourites from fedora hats and floral crowns to bumbags and body glitter, play up your partywear with a pop of pastel nail polish and make a statement in oversized sunglasses. Forget less is more, this season we're all for out-there hair, beauty and jewellery."", '100% Polyester. Approx head circumference: 65cm/25.45"". Adjustable back strap.']","['https://i1.adis.ws/i/boohooamplience/dzz83659_black_xl', 'https://i1.adis.ws/i/boohooamplience/dzz83659_black_xl_1', 'https://i1.adis.ws/i/boohooamplience/dzz83659_black_xl_2', 'https://i1.adis.ws/i/boohooamplience/dzz83659_black_xl_3']",9,womens,2,https://www.boohoo.com/erin-plain-cap/DZZ83659.html
Faux Suede 6 Panel Cap With MAN Embroidery,MZZ63343-stone,£5.60,£8.00,stone,['onesize'],"['Bring your accessories a-game with boohooMAN', ""Add attitude to your look with the latest from our accessories edit. Give a heads up to slogan snapbacks and beanies, layer up in a statement scarf or snood and carry your everyday essentials in a heavy duty backpack. Fashion's finishing touches are all in the accessories."", '100% Polyester. Stone Faux Suede 6 Panel Cap With MAN Embroidery. Adjustable Clip Fastening. One Size.']","['https://i1.adis.ws/i/boohooamplience/mzz63343_stone_xl', 'https://i1.adis.ws/i/boohooamplience/mzz63343_stone_xl_1', 'https://i1.adis.ws/i/boohooamplience/mzz63343_stone_xl_2', 'https://i1.adis.ws/i/boohooamplience/mzz63343_stone_xl_3']",4,mens,1,https://www.boohoo.com/faux-suede-6-panel-cap-with-man-embroidery/MZZ63343.html?color=165
Flat Peak Rubber MAN Patch Cap,MZZ55272-black,£7.00,£10.00,black,['onesize'],"['Bring your accessories a-game with boohooMAN', ""Add attitude to your look with the latest from our accessories edit. Give a heads up to slogan snapbacks and beanies, layer up in a statement scarf or snood and carry your everyday essentials in a heavy duty backpack. Fashion's finishing touches are all in the accessories."", '100% Cotton. Flat Peak Rubber Man Patch Cap. One Size.']","['https://i1.adis.ws/i/boohooamplience/mzz55272_black_xl', 'https://i1.adis.ws/i/boohooamplience/mzz55272_black_xl_1', 'https://i1.adis.ws/i/boohooamplience/mzz55272_black_xl_2', 'https://i1.adis.ws/i/boohooamplience/mzz55272_black_xl_3', 'https://i1.adis.ws/i/boohooamplience/mzz55272_black_xl_4', 'https://i1.adis.ws/i/boohooamplience/mzz55272_black_xl_5']",48,mens,1,https://www.boohoo.com/flat-peak-rubber-man-patch-cap/MZZ55272.html
NOPE Embroidered Cotton Trucker Cap,MZZ52856-white,£5.60,£8.00,white,['onesize'],[''],"['https://i1.adis.ws/i/boohooamplience/mzz52856_white_xl', 'https://i1.adis.ws/i/boohooamplience/mzz52856_white_xl_1', 'https://i1.adis.ws/i/boohooamplience/mzz52856_white_xl_2', 'https://i1.adis.ws/i/boohooamplience/mzz52856_white_xl_3']",45,mens,1,https://www.boohoo.com/nope-embroidered-cotton-trucker-cap/MZZ52856.html
MAN Slogan Knitted Bobble Beanie,MZZ56523-grey,£2.80,£4.00,grey,['onesize'],"['Add attitude with accessories for those fashion-forward finishing touches', ""It's all about accessories for injecting individuality into your look. Find your festival favourites from fedora hats and floral crowns to bumbags and body glitter, play up your partywear with a pop of pastel nail polish and make a statement in oversized sunglasses. Forget less is more, this season we're all for out-there hair, beauty and jewellery."", '100% Acrylic. MAN Slogan Knitted Bobble Beanie. One Size.']","['https://i1.adis.ws/i/boohooamplience/mzz56523_grey_xl', 'https://i1.adis.ws/i/boohooamplience/mzz56523_grey_xl_1', 'https://i1.adis.ws/i/boohooamplience/mzz56523_grey_xl_2']",44,mens,1,https://www.boohoo.com/man-slogan-knitted-bobble-beanie/MZZ56523.html
Orange 19 Embroidery Cap,MZZ52854-bottle green,£5.60,£8.00,bottle green,['onesize'],[''],"['https://i1.adis.ws/i/boohooamplience/mzz52854_bottle green_xl', 'https://i1.adis.ws/i/boohooamplience/mzz52854_bottle green_xl_1', 'https://i1.adis.ws/i/boohooamplience/mzz52854_bottle green_xl_2', 'https://i1.adis.ws/i/boohooamplience/mzz52854_bottle green_xl_3']",46,mens,1,https://www.boohoo.com/orange-19-embroidery-cap/MZZ52854.html
Gold Tiger Embroidered Beanie,MZZ55172-black,£5.60,£8.00,black,['onesize'],"['Add attitude with accessories for those fashion-forward finishing touches', ""It's all about accessories for injecting individuality into your look. Find your festival favourites from fedora hats and floral crowns to bumbags and body glitter, play up your partywear with a pop of pastel nail polish and make a statement in oversized sunglasses. Forget less is more, this season we're all for out-there hair, beauty and jewellery."", '100% Acrylic. Gold Tiger Embroidered Beanie. One Size.']","['https://i1.adis.ws/i/boohooamplience/mzz55172_black_xl', 'https://i1.adis.ws/i/boohooamplience/mzz55172_black_xl_1', 'https://i1.adis.ws/i/boohooamplience/mzz55172_black_xl_2', 'https://i1.adis.ws/i/boohooamplience/mzz55172_black_xl_3']",43,mens,1,https://www.boohoo.com/gold-tiger-embroidered-beanie/MZZ55172.html?color=105
Woollen Mix Baker Boy Hat,DZZ02695-black,£7.60,£10.00,black,['onesize'],"['Add attitude with accessories for those fashion-forward finishing touches', ""It's all about accessories for injecting individuality into your look. Find your festival favourites from fedora hats and floral crowns to bumbags and body glitter, play up your partywear with a pop of pastel nail polish and make a statement in oversized sunglasses. Forget less is more, this season we're all for out-there hair, beauty and jewellery."", 'ONE SIZE.']","['https://i1.adis.ws/i/boohooamplience/dzz02695_black_xl', 'https://i1.adis.ws/i/boohooamplience/dzz02695_black_xl_1', 'https://i1.adis.ws/i/boohooamplience/dzz02695_black_xl_2', 'https://i1.adis.ws/i/boohooamplience/dzz02695_black_xl_3']",1,womens,2,https://www.boohoo.com/woollen-mix-baker-boy-hat/DZZ02695.html
Tie Dye Bucket Hat,MZZ52558-blue,£5.60,£8.00,blue,['onesize'],"['Add attitude with accessories for those fashion-forward finishing touches', ""It's all about accessories for injecting individuality into your look. Find your festival favourites from fedora hats and floral crowns to bumbags and body glitter, play up your partywear with a pop of pastel nail polish and make a statement in oversized sunglasses. Forget less is more, this season we're all for out-there hair, beauty and jewellery.""]","['https://i1.adis.ws/i/boohooamplience/mzz52558_blue_xl', 'https://i1.adis.ws/i/boohooamplience/mzz52558_blue_xl_1']",49,mens,1,https://www.boohoo.com/tie-dye-bucket-hat/MZZ52558.html
3D MAN Script Embroidered Cap,MZZ51941-red,£7.00,£10.00,red,['onesize'],"['Bring your accessories a-game with boohooMAN', ""Add attitude to your look with the latest from our accessories edit. Give a heads up to slogan snapbacks and beanies, layer up in a statement scarf or snood and carry your everyday essentials in a heavy duty backpack. Fashion's finishing touches are all in the accessories."", '100% Cotton. 3D MAN Script Embroidered Cap. One Size.']","['https://i1.adis.ws/i/boohooamplience/mzz51941_red_xl', 'https://i1.adis.ws/i/boohooamplience/mzz51941_red_xl_1', 'https://i1.adis.ws/i/boohooamplience/mzz51941_red_xl_2']",51,mens,1,https://www.boohoo.com/3d-man-script-embroidered-cap/MZZ51941.html
5 Panel Cap With MAN Logo,MZZ63339-bottle green,£5.60,£8.00,bottle green,['onesize'],"['Bring your accessories a-game with boohooMAN', ""Add attitude to your look with the latest from our accessories edit. Give a heads up to slogan snapbacks and beanies, layer up in a statement scarf or snood and carry your everyday essentials in a heavy duty backpack. Fashion's finishing touches are all in the accessories."", '100% Cotton. Green 5 Panel Cap With MAN Embroidered Logo. Adjustable Velcro Fastening. One Size.']","['https://i1.adis.ws/i/boohooamplience/mzz63339_bottle green_xl', 'https://i1.adis.ws/i/boohooamplience/mzz63339_bottle green_xl_1', 'https://i1.adis.ws/i/boohooamplience/mzz63339_bottle green_xl_2', 'https://i1.adis.ws/i/boohooamplience/mzz63339_bottle green_xl_3']",50,mens,1,https://www.boohoo.com/5-panel-cap-with-man-logo/MZZ63339.html
Thinsulate Rib Knit Beanie,MZZ55902-black,£2.10,£3.00,black,['onesize'],"['Add attitude with accessories for those fashion-forward finishing touches', ""It's all about accessories for injecting individuality into your look. Find your festival favourites from fedora hats and floral crowns to bumbags and body glitter, play up your partywear with a pop of pastel nail polish and make a statement in oversized sunglasses. Forget less is more, this season we're all for out-there hair, beauty and jewellery."", 'Thinsulate Rib Knit Beanie. One Size.']","['https://i1.adis.ws/i/boohooamplience/mzz55902_black_xl', 'https://i1.adis.ws/i/boohooamplience/mzz55902_black_xl_1', 'https://i1.adis.ws/i/boohooamplience/mzz55902_black_xl_2']",47,mens,1,https://www.boohoo.com/thinsulate-rib-knit-beanie/MZZ55902.html?color=105
Valentines MAN Broken Heart Embroidered Beanie,MZZ53512-black,£2.10,£3.00,black,['onesize'],"['Bring your accessories a-game with boohooMAN', ""Add attitude to your look with the latest from our accessories edit. Give a heads up to slogan snapbacks and beanies, layer up in a statement scarf or snood and carry your everyday essentials in a heavy duty backpack. Fashion's finishing touches are all in the accessories."", '100% Acrylic. Valentines MAN Broken Heart Embroidered Beanie. One Size.']","['https://i1.adis.ws/i/boohooamplience/mzz53512_black_xl', 'https://i1.adis.ws/i/boohooamplience/mzz53512_black_xl_1', 'https://i1.adis.ws/i/boohooamplience/mzz53512_black_xl_2']",42,mens,1,https://www.boohoo.com/valentines-man-broken-heart-embroidered-beanie/MZZ53512.html
MAN Script Embroidered Micro Beanie,MZZ54767-black,£4.20,£6.00,black,['onesize'],"['Add attitude with accessories for those fashion-forward finishing touches', ""It's all about accessories for injecting individuality into your look. Find your festival favourites from fedora hats and floral crowns to bumbags and body glitter, play up your partywear with a pop of pastel nail polish and make a statement in oversized sunglasses. Forget less is more, this season we're all for out-there hair, beauty and jewellery."", '100% Acrylic. MAN Script Embroidered Micro Beanie. One Size.']","['https://i1.adis.ws/i/boohooamplience/mzz54767_black_xl', 'https://i1.adis.ws/i/boohooamplience/mzz54767_black_xl_1', 'https://i1.adis.ws/i/boohooamplience/mzz54767_black_xl_2']",38,mens,1,https://www.boohoo.com/man-script-embroidered-micro-beanie/MZZ54767.html
MAN Sport Rubberised Patch Cap,MZZ54309-black,£5.60,£8.00,black,['onesize'],"['Bring your accessories a-game with boohooMAN', ""Add attitude to your look with the latest from our accessories edit. Give a heads up to slogan snapbacks and beanies, layer up in a statement scarf or snood and carry your everyday essentials in a heavy duty backpack. Fashion's finishing touches are all in the accessories."", '100% Cotton. MAN Sport Rubberised Patch Cap. One Size.']","['https://i1.adis.ws/i/boohooamplience/mzz54309_black_xl', 'https://i1.adis.ws/i/boohooamplience/mzz54309_black_xl_1', 'https://i1.adis.ws/i/boohooamplience/mzz54309_black_xl_2']",37,mens,1,https://www.boohoo.com/man-sport-rubberised-patch-cap/MZZ54309.html
Valentines Heart Embroidered Beanie,MZZ53506-black,£3.50,£5.00,black,['onesize'],"['Bring your accessories a-game with boohooMAN', ""Add attitude to your look with the latest from our accessories edit. Give a heads up to slogan snapbacks and beanies, layer up in a statement scarf or snood and carry your everyday essentials in a heavy duty backpack. Fashion's finishing touches are all in the accessories."", '100% Acrylic. Valentines Heart Embroidered Beanie. One Size.']","['https://i1.adis.ws/i/boohooamplience/mzz53506_black_xl', 'https://i1.adis.ws/i/boohooamplience/mzz53506_black_xl_1', 'https://i1.adis.ws/i/boohooamplience/mzz53506_black_xl_2']",39,mens,1,https://www.boohoo.com/valentines-heart-embroidered-beanie/MZZ53506.html
MAN Script Embroidered Beanie,MZZ53584-white,£5.60,£8.00,white,['onesize'],"['Bring your accessories a-game with boohooMAN', ""Add attitude to your look with the latest from our accessories edit. Give a heads up to slogan snapbacks and beanies, layer up in a statement scarf or snood and carry your everyday essentials in a heavy duty backpack. Fashion's finishing touches are all in the accessories."", '100% Acrylic. MAN Script Embroidered Beanie. Model Is 6\'1"" And Wears Size M.']","['https://i1.adis.ws/i/boohooamplience/mzz53584_white_xl', 'https://i1.adis.ws/i/boohooamplience/mzz53584_white_xl_1']",36,mens,1,https://www.boohoo.com/man-script-embroidered-beanie/MZZ53584.html
3D MAN Script Embroidered Cap,MZZ51940-navy,£7.00,£10.00,navy,['onesize'],"['Bring your accessories a-game with boohooMAN', ""Add attitude to your look with the latest from our accessories edit. Give a heads up to slogan snapbacks and beanies, layer up in a statement scarf or snood and carry your everyday essentials in a heavy duty backpack. Fashion's finishing touches are all in the accessories."", '100% Cotton. 3D MAN Script Embroidered Cap. One Size.']","['https://i1.adis.ws/i/boohooamplience/mzz51940_navy_xl', 'https://i1.adis.ws/i/boohooamplience/mzz51940_navy_xl_1', 'https://i1.adis.ws/i/boohooamplience/mzz51940_navy_xl_2']",35,mens,1,https://www.boohoo.com/3d-man-script-embroidered-cap/MZZ51940.html
2K19 MAN Collection Embroidered Cap,MZZ51935-stone,£5.60,£8.00,stone,['onesize'],"['Bring your accessories a-game with boohooMAN', ""Add attitude to your look with the latest from our accessories edit. Give a heads up to slogan snapbacks and beanies, layer up in a statement scarf or snood and carry your everyday essentials in a heavy duty backpack. Fashion's finishing touches are all in the accessories."", '100% Cotton. 2K19 MAN Collection Embroidered Cap. One Size.']","['https://i1.adis.ws/i/boohooamplience/mzz51935_stone_xl', 'https://i1.adis.ws/i/boohooamplience/mzz51935_stone_xl_1', 'https://i1.adis.ws/i/boohooamplience/mzz51935_stone_xl_2', 'https://i1.adis.ws/i/boohooamplience/mzz51935_stone_xl_3']",33,mens,1,https://www.boohoo.com/2k19-man-collection-embroidered-cap/MZZ51935.html
MAN MMXIII Embroidered Cap,MZZ51943-stone,£4.20,£6.00,stone,['onesize'],"['Bring your accessories a-game with boohooMAN', ""Add attitude to your look with the latest from our accessories edit. Give a heads up to slogan snapbacks and beanies, layer up in a statement scarf or snood and carry your everyday essentials in a heavy duty backpack. Fashion's finishing touches are all in the accessories."", '100% Cotton. MAN MMXIII Embroidered Cap. One Size.']","['https://i1.adis.ws/i/boohooamplience/mzz51943_stone_xl', 'https://i1.adis.ws/i/boohooamplience/mzz51943_stone_xl_1', 'https://i1.adis.ws/i/boohooamplience/mzz51943_stone_xl_2']",32,mens,1,https://www.boohoo.com/man-mmxiii-embroidered-cap/MZZ51943.html
3D MAN Script Embroidered Cap,MZZ51939-purple,£5.60,£8.00,purple,['onesize'],"['Bring your accessories a-game with boohooMAN', ""Add attitude to your look with the latest from our accessories edit. Give a heads up to slogan snapbacks and beanies, layer up in a statement scarf or snood and carry your everyday essentials in a heavy duty backpack. Fashion's finishing touches are all in the accessories.""]","['https://i1.adis.ws/i/boohooamplience/mzz51939_purple_xl', 'https://i1.adis.ws/i/boohooamplience/mzz51939_purple_xl_1', 'https://i1.adis.ws/i/boohooamplience/mzz51939_purple_xl_2']",34,mens,1,https://www.boohoo.com/3d-man-script-embroidered-cap/MZZ51939.html
Tie Dye Bucket Hat,MZZ52556-orange,£5.60,£8.00,orange,['onesize'],"['Add attitude with accessories for those fashion-forward finishing touches', ""It's all about accessories for injecting individuality into your look. Find your festival favourites from fedora hats and floral crowns to bumbags and body glitter, play up your partywear with a pop of pastel nail polish and make a statement in oversized sunglasses. Forget less is more, this season we're all for out-there hair, beauty and jewellery."", 'Outer: 95% Polyester 5% Elastane. Lining: 100% Polyester. Tie Dye Bucket Hat. One Size.']","['https://i1.adis.ws/i/boohooamplience/mzz52556_orange_xl', 'https://i1.adis.ws/i/boohooamplience/mzz52556_orange_xl_1', 'https://i1.adis.ws/i/boohooamplience/mzz52556_orange_xl_2']",40,mens,1,https://www.boohoo.com/tie-dye-bucket-hat/MZZ52556.html
MAN Table Of Elements Cap,MZZ52855-mustard,£7.00,£10.00,mustard,['onesize'],[''],"['https://i1.adis.ws/i/boohooamplience/mzz52855_mustard_xl', 'https://i1.adis.ws/i/boohooamplience/mzz52855_mustard_xl_1', 'https://i1.adis.ws/i/boohooamplience/mzz52855_mustard_xl_2']",41,mens,1,https://www.boohoo.com/man-table-of-elements-cap/MZZ52855.html
Oversized MAN Logo Printed Cap,MZZ55276-black,£5.60,£8.00,black,['onesize'],"['Bring your accessories a-game with boohooMAN', ""Add attitude to your look with the latest from our accessories edit. Give a heads up to slogan snapbacks and beanies, layer up in a statement scarf or snood and carry your everyday essentials in a heavy duty backpack. Fashion's finishing touches are all in the accessories."", '100% Cotton. Oversized MAN Logo Printed Cap. One Size.']","['https://i1.adis.ws/i/boohooamplience/mzz55276_black_xl', 'https://i1.adis.ws/i/boohooamplience/mzz55276_black_xl_1', 'https://i1.adis.ws/i/boohooamplience/mzz55276_black_xl_2', 'https://i1.adis.ws/i/boohooamplience/mzz55276_black_xl_3', 'https://i1.adis.ws/i/boohooamplience/mzz55276_black_xl_4', 'https://i1.adis.ws/i/boohooamplience/mzz55276_black_xl_5']",29,mens,1,https://www.boohoo.com/oversized-man-logo-printed-cap/MZZ55276.html
White Embroidery Boohoo Man Beanie,MZZ51352-black,£5.60,£8.00,black,['onesize'],"['Bring your accessories a-game with boohooMAN', ""Add attitude to your look with the latest from our accessories edit. Give a heads up to slogan snapbacks and beanies, layer up in a statement scarf or snood and carry your everyday essentials in a heavy duty backpack. Fashion's finishing touches are all in the accessories."", '100% Acrylic. White Embroidery Boohoo Man Beanie. One Size.']","['https://i1.adis.ws/i/boohooamplience/mzz51352_black_xl', 'https://i1.adis.ws/i/boohooamplience/mzz51352_black_xl_1', 'https://i1.adis.ws/i/boohooamplience/mzz51352_black_xl_2']",27,mens,1,https://www.boohoo.com/white-embroidery-boohoo-man-beanie/MZZ51352.html
Neon Embroidered MAN Cap,MZZ59698-black,£4.20,£6.00,black,['onesize'],"['Bring your accessories a-game with boohooMAN', ""Add attitude to your look with the latest from our accessories edit. Give a heads up to slogan snapbacks and beanies, layer up in a statement scarf or snood and carry your everyday essentials in a heavy duty backpack. Fashion's finishing touches are all in the accessories."", '100% Cotton. Neon Embroidered MAN Cap. One Size.']",['https://i1.adis.ws/i/boohooamplience/mzz59698_black_xl'],28,mens,1,https://www.boohoo.com/neon-embroidered-man-cap/MZZ59698.html
3D MAN Script Embroidered Suede Cap,MZZ55278-stone,£7.00,£10.00,stone,['onesize'],"['Bring your accessories a-game with boohooMAN', ""Add attitude to your look with the latest from our accessories edit. Give a heads up to slogan snapbacks and beanies, layer up in a statement scarf or snood and carry your everyday essentials in a heavy duty backpack. Fashion's finishing touches are all in the accessories."", '100% Polyester. 3D MAN Script Embroidered Suede Cap. One Size.']","['https://i1.adis.ws/i/boohooamplience/mzz55278_stone_xl', 'https://i1.adis.ws/i/boohooamplience/mzz55278_stone_xl_1', 'https://i1.adis.ws/i/boohooamplience/mzz55278_stone_xl_2', 'https://i1.adis.ws/i/boohooamplience/mzz55278_stone_xl_3']",24,mens,1,https://www.boohoo.com/3d-man-script-embroidered-suede-cap/MZZ55278.html?color=165
MAN Sport Rubberised Patch Cap,MZZ54308-red,£5.60,£8.00,red,['onesize'],"['Bring your accessories a-game with boohooMAN', ""Add attitude to your look with the latest from our accessories edit. Give a heads up to slogan snapbacks and beanies, layer up in a statement scarf or snood and carry your everyday essentials in a heavy duty backpack. Fashion's finishing touches are all in the accessories."", '100% Cotton. MAN Sport Rubberised Patch Cap. One Size.']","['https://i1.adis.ws/i/boohooamplience/mzz54308_red_xl', 'https://i1.adis.ws/i/boohooamplience/mzz54308_red_xl_1', 'https://i1.adis.ws/i/boohooamplience/mzz54308_red_xl_2']",26,mens,1,https://www.boohoo.com/man-sport-rubberised-patch-cap/MZZ54308.html
Neon MAN All Over Knit Beanie,MZZ50679-neon-green,£7.00,£10.00,neon-green,['onesize'],"['Bring your accessories a-game with boohooMAN', ""Add attitude to your look with the latest from our accessories edit. Give a heads up to slogan snapbacks and beanies, layer up in a statement scarf or snood and carry your everyday essentials in a heavy duty backpack. Fashion's finishing touches are all in the accessories."", '100% Acrylic. Neon MAN All Over Knit Beanie. One Size.']","['https://i1.adis.ws/i/boohooamplience/mzz50679_neon-green_xl', 'https://i1.adis.ws/i/boohooamplience/mzz50679_neon-green_xl_1']",23,mens,1,https://www.boohoo.com/neon-man-all-over-knit-beanie/MZZ50679.html
2K19 MAN Collection Embroidered Cap,MZZ51936-black,£5.60,£8.00,black,['onesize'],"['Bring your accessories a-game with boohooMAN', ""Add attitude to your look with the latest from our accessories edit. Give a heads up to slogan snapbacks and beanies, layer up in a statement scarf or snood and carry your everyday essentials in a heavy duty backpack. Fashion's finishing touches are all in the accessories."", '100% Cotton. 2K19 MAN Collection Embroidered Cap. One Size.']","['https://i1.adis.ws/i/boohooamplience/mzz51936_black_xl', 'https://i1.adis.ws/i/boohooamplience/mzz51936_black_xl_1', 'https://i1.adis.ws/i/boohooamplience/mzz51936_black_xl_2', 'https://i1.adis.ws/i/boohooamplience/mzz51936_black_xl_3']",25,mens,1,https://www.boohoo.com/2k19-man-collection-embroidered-cap/MZZ51936.html
Black Embroidery Boohoo MAN Cap,MZZ51349-natural,£5.60,£8.00,natural,['onesize'],"['Bring your accessories a-game with boohooMAN', ""Add attitude to your look with the latest from our accessories edit. Give a heads up to slogan snapbacks and beanies, layer up in a statement scarf or snood and carry your everyday essentials in a heavy duty backpack. Fashion's finishing touches are all in the accessories."", '100% Cotton. Black Embroidery Boohoo Man Cap. One Size.']","['https://i1.adis.ws/i/boohooamplience/mzz51349_natural_xl', 'https://i1.adis.ws/i/boohooamplience/mzz51349_natural_xl_1', 'https://i1.adis.ws/i/boohooamplience/mzz51349_natural_xl_2', 'https://i1.adis.ws/i/boohooamplience/mzz51349_natural_xl_3']",14,mens,1,https://www.boohoo.com/black-embroidery-boohoo-man-cap/MZZ51349.html
Neon MAN All Over Knit Beanie,MZZ50678-neon-pink,£7.00,£10.00,neon-pink,['onesize'],"['Bring your accessories a-game with boohooMAN', ""Add attitude to your look with the latest from our accessories edit. Give a heads up to slogan snapbacks and beanies, layer up in a statement scarf or snood and carry your everyday essentials in a heavy duty backpack. Fashion's finishing touches are all in the accessories."", '100% Acrylic. Neon MAN All Over Knit Beanie. One Size.']","['https://i1.adis.ws/i/boohooamplience/mzz50678_neon-pink_xl', 'https://i1.adis.ws/i/boohooamplience/mzz50678_neon-pink_xl_1']",18,mens,1,https://www.boohoo.com/neon-man-all-over-knit-beanie/MZZ50678.html
3D MAN Script Embroidered MAN Trucker Cap,MZZ51938-pale blue,£7.00,£10.00,pale blue,['onesize'],"['Bring your accessories a-game with boohooMAN', ""Add attitude to your look with the latest from our accessories edit. Give a heads up to slogan snapbacks and beanies, layer up in a statement scarf or snood and carry your everyday essentials in a heavy duty backpack. Fashion's finishing touches are all in the accessories.""]","['https://i1.adis.ws/i/boohooamplience/mzz51938_pale blue_xl', 'https://i1.adis.ws/i/boohooamplience/mzz51938_pale blue_xl_1', 'https://i1.adis.ws/i/boohooamplience/mzz51938_pale blue_xl_2']",16,mens,1,https://www.boohoo.com/3d-man-script-embroidered-man-trucker-cap/MZZ51938.html
MMX111 Rubber MAN Patch Cap,MZZ54310-black,£5.60,£8.00,black,['onesize'],"['Bring your accessories a-game with boohooMAN', ""Add attitude to your look with the latest from our accessories edit. Give a heads up to slogan snapbacks and beanies, layer up in a statement scarf or snood and carry your everyday essentials in a heavy duty backpack. Fashion's finishing touches are all in the accessories."", '100% Cotton. MMX111 Rubber MAN Patch Cap. One Size.']","['https://i1.adis.ws/i/boohooamplience/mzz54310_black_xl', 'https://i1.adis.ws/i/boohooamplience/mzz54310_black_xl_1', 'https://i1.adis.ws/i/boohooamplience/mzz54310_black_xl_2']",19,mens,1,https://www.boohoo.com/mmx111-rubber-man-patch-cap/MZZ54310.html
3D MAN Script Embroidered Suede Cap,MZZ55777-black,£7.00,£10.00,black,['onesize'],"['Bring your accessories a-game with boohooMAN', ""Add attitude to your look with the latest from our accessories edit. Give a heads up to slogan snapbacks and beanies, layer up in a statement scarf or snood and carry your everyday essentials in a heavy duty backpack. Fashion's finishing touches are all in the accessories."", '100% Polyester. 3D MAN Script Embroidered Suede Cap. One Size.']","['https://i1.adis.ws/i/boohooamplience/mzz55777_black_xl', 'https://i1.adis.ws/i/boohooamplience/mzz55777_black_xl_1', 'https://i1.adis.ws/i/boohooamplience/mzz55777_black_xl_2', 'https://i1.adis.ws/i/boohooamplience/mzz55777_black_xl_3']",12,mens,1,https://www.boohoo.com/3d-man-script-embroidered-suede-cap/MZZ55777.html?color=105
MAN Care Label Dad Cap,MZZ53915-red,£7.00,£10.00,red,['onesize'],"['Add attitude with accessories for those fashion-forward finishing touches', ""It's all about accessories for injecting individuality into your look. Find your festival favourites from fedora hats and floral crowns to bumbags and body glitter, play up your partywear with a pop of pastel nail polish and make a statement in oversized sunglasses. Forget less is more, this season we're all for out-there hair, beauty and jewellery.""]","['https://i1.adis.ws/i/boohooamplience/mzz53915_red_xl', 'https://i1.adis.ws/i/boohooamplience/mzz53915_red_xl_2', 'https://i1.adis.ws/i/boohooamplience/mzz53915_red_xl_3', 'https://i1.adis.ws/i/boohooamplience/mzz53915_red_xl_4']",17,mens,1,https://www.boohoo.com/man-care-label-dad-cap/MZZ53915.html
Tartan Cap,MZZ55713-red,£4.00,£8.00,red,['onesize'],"['Bring your accessories a-game with boohooMAN', ""Add attitude to your look with the latest from our accessories edit. Give a heads up to slogan snapbacks and beanies, layer up in a statement scarf or snood and carry your everyday essentials in a heavy duty backpack. Fashion's finishing touches are all in the accessories."", '100% Polyester. Tartan Cap. Size ONESIZE.']","['https://i1.adis.ws/i/boohooamplience/mzz55713_red_xl', 'https://i1.adis.ws/i/boohooamplience/mzz55713_red_xl_1', 'https://i1.adis.ws/i/boohooamplience/mzz55713_red_xl_2']",13,mens,1,https://www.boohoo.com/tartan-cap/MZZ55713.html
Neon 6 Panel Cap,MZZ51344-neon-yellow,£4.20,£6.00,neon-yellow,['onesize'],"['Bring your accessories a-game with boohooMAN', ""Add attitude to your look with the latest from our accessories edit. Give a heads up to slogan snapbacks and beanies, layer up in a statement scarf or snood and carry your everyday essentials in a heavy duty backpack. Fashion's finishing touches are all in the accessories."", '100% Cotton. Neon 6 Panel Cap. One Size.']","['https://i1.adis.ws/i/boohooamplience/mzz51344_neon-yellow_xl', 'https://i1.adis.ws/i/boohooamplience/mzz51344_neon-yellow_xl_1', 'https://i1.adis.ws/i/boohooamplience/mzz51344_neon-yellow_xl_2', 'https://i1.adis.ws/i/boohooamplience/mzz51344_neon-yellow_xl_3']",15,mens,1,https://www.boohoo.com/neon-6-panel-cap/MZZ51344.html
Cotton Twill MAN Micro Beanie,MZZ54311-mint,£5.60,£8.00,mint,['onesize'],"['Bring your accessories a-game with boohooMAN', ""Add attitude to your look with the latest from our accessories edit. Give a heads up to slogan snapbacks and beanies, layer up in a statement scarf or snood and carry your everyday essentials in a heavy duty backpack. Fashion's finishing touches are all in the accessories.""]","['https://i1.adis.ws/i/boohooamplience/mzz54311_mint_xl', 'https://i1.adis.ws/i/boohooamplience/mzz54311_mint_xl_1', 'https://i1.adis.ws/i/boohooamplience/mzz54311_mint_xl_2']",30,mens,1,https://www.boohoo.com/cotton-twill-man-micro-beanie/MZZ54311.html
Neon MAN Script Beanie,MZZ53586-white,£3.50,£5.00,white,['onesize'],"['Bring your accessories a-game with boohooMAN', ""Add attitude to your look with the latest from our accessories edit. Give a heads up to slogan snapbacks and beanies, layer up in a statement scarf or snood and carry your everyday essentials in a heavy duty backpack. Fashion's finishing touches are all in the accessories."", '100% Acrylic. Neon MAN Script Beanie. Model Is 6\'1"" And Wears Size M.']","['https://i1.adis.ws/i/boohooamplience/mzz53586_white_xl', 'https://i1.adis.ws/i/boohooamplience/mzz53586_white_xl_1']",31,mens,1,https://www.boohoo.com/neon-man-script-beanie/MZZ53586.html
