产品名字,产品型号,产品价格,产品以前价格,产品颜色,产品尺寸,产品详情,产品图片,产品位置,适合人群,产品页面编号,产品url
goods_name,goods_model,goods_price,goods_discount_price,goods_color,goods_size,goods_details,goods_images,goods_num,gender,goods_page,goods_url
Toasty Groove Beanie,53372-OS,$30.00,$0,Wild Cherry,['One Size'],"['Find your groove and follow it in this warm, folded beanie. Tagged with Life is Good so you can bring the good vibes wherever you wander. ', '60% Cotton 30% Nylon 10% Merino Wool', 'Folded cuff', 'Faux leather Life is Good tab at cuff']","['https://d3o2e4jr3mxnm3.cloudfront.net/Brisk-Beanie-Toasty-Groove-Beanie_53372_1_sm.png', 'https://d3o2e4jr3mxnm3.cloudfront.net/Brisk-Beanie-Toasty-Groove-Beanie_53372_3_sm.png']",1,all,1,https://www.lifeisgood.com/accessories/hats/toasty-groove-beanie-53372.html?dwvar_53372_color=RD001&cgid=accessories-hats
Toasty Groove Beanie,53373-OS,$30.00,$0,Heather Oatmeal,['One Size'],"['Find your groove and follow it in this warm, folded beanie. Tagged with Life is Good so you can bring the good vibes wherever you wander. ', '60% Cotton 30% Nylon 10% Merino Wool', 'Folded cuff', 'Faux leather Life is Good tab at cuff']","['https://d3o2e4jr3mxnm3.cloudfront.net/Brisk-Beanie-Toasty-Groove-Beanie_53373_1_sm.png', 'https://d3o2e4jr3mxnm3.cloudfront.net/Brisk-Beanie-Toasty-Groove-Beanie_53373_3_sm.png']",2,all,1,https://www.lifeisgood.com/accessories/hats/toasty-groove-beanie-53373.html?dwvar_53373_color=05709&cgid=accessories-hats
Toasty Groove Beanie,53475-OS,$30.00,$0,Night Black,['One Size'],"['Find your groove and follow it in this warm, folded beanie. Tagged with Life is Good so you can bring the good vibes wherever you wander. ', '60% Cotton 30% Nylon 10% Merino Wool', 'Folded cuff', 'Faux leather Life is Good tab at cuff', 'Two tone plaited knit']","['https://d3o2e4jr3mxnm3.cloudfront.net/Brisk-Beanie-Toasty-Groove-Beanie_53475_4_sm.png', 'https://d3o2e4jr3mxnm3.cloudfront.net/Brisk-Beanie-Toasty-Groove-Beanie_53475_3_sm.png']",3,all,1,https://www.lifeisgood.com/accessories/hats/toasty-groove-beanie-53475.html?dwvar_53475_color=BK001&cgid=accessories-hats
Toasty Groove Beanie,53374-OS,$30.00,$0,Heather Vintage Blue,['One Size'],"['Find your groove and follow it in this warm, folded beanie. Tagged with Life is Good so you can bring the good vibes wherever you wander. ', '60% Cotton 30% Nylon 10% Merino Wool', 'Folded cuff', 'Faux leather Life is Good tab at cuff']","['https://d3o2e4jr3mxnm3.cloudfront.net/Brisk-Beanie-Toasty-Groove-Beanie_53374_1_sm.png', 'https://d3o2e4jr3mxnm3.cloudfront.net/Brisk-Beanie-Toasty-Groove-Beanie_53374_3_sm.png']",4,all,1,https://www.lifeisgood.com/accessories/hats/toasty-groove-beanie-53374.html?dwvar_53374_color=10055&cgid=accessories-hats
Toasty Groove Beanie,53476-OS,$30.00,$0,Forest Green,['One Size'],"['Find your groove and follow it in this warm, folded beanie. Tagged with Life is Good so you can bring the good vibes wherever you wander. ', '60% Cotton 30% Nylon 10% Merino Wool', 'Folded cuff', 'Faux leather Life is Good tab at cuff', 'Two tone plaited knit']","['https://d3o2e4jr3mxnm3.cloudfront.net/Brisk-Beanie-Toasty-Groove-Beanie_53476_3_sm.png', 'https://d3o2e4jr3mxnm3.cloudfront.net/Brisk-Beanie-Toasty-Groove-Beanie_53476_1_sm.png']",5,all,1,https://www.lifeisgood.com/accessories/hats/toasty-groove-beanie-53476.html?dwvar_53476_color=FRSGR&cgid=accessories-hats
Toasty Groove Beanie,53477-OS,$30.00,$0,Heather Gray,['One Size'],"['Find your groove and follow it in this warm, folded beanie. Tagged with Life is Good so you can bring the good vibes wherever you wander. ', '60% Cotton 30% Nylon 10% Merino Wool', 'Folded cuff', 'Faux leather Life is Good tab at cuff', 'Two tone plaited knit']","['https://d3o2e4jr3mxnm3.cloudfront.net/Brisk-Beanie-Toasty-Groove-Beanie_53477_1_sm.png', 'https://d3o2e4jr3mxnm3.cloudfront.net/Brisk-Beanie-Toasty-Groove-Beanie_53477_4_sm.png']",6,all,1,https://www.lifeisgood.com/accessories/hats/toasty-groove-beanie-53477.html?dwvar_53477_color=HTRGR&cgid=accessories-hats
Get Loose Slouchy Beanie,53366-OS,$30.00,$0,Heather Gray Marl,['One Size'],"['Warm with just the right amount of slouch, this beanie is game to wander wherever you do. ', '60% Cotton 30% Nylon 10% Merino Wool', 'Folded cuff', 'Slouchy fit', 'Patch on front cuff']","['https://d3o2e4jr3mxnm3.cloudfront.net/Brisk-Slouchy-Beanie-Get-Loose-Braided-Beanie_53366_1_sm.png', 'https://d3o2e4jr3mxnm3.cloudfront.net/Brisk-Slouchy-Beanie-Get-Loose-Braided-Beanie_53366_3_sm.png']",7,all,1,https://www.lifeisgood.com/accessories/hats/get-loose-slouchy-beanie-53366.html?dwvar_53366_color=15543&cgid=accessories-hats
Get Loose Slouchy Beanie,53367-OS,$30.00,$0,Wild Cherry,['One Size'],"['Warm with just the right amount of slouch, this beanie is game to wander wherever you do. ', '60% Cotton 30% Nylon 10% Merino Wool', 'Folded cuff', 'Slouchy fit', 'Patch on front cuff', 'Embroidered twill patch']","['https://d3o2e4jr3mxnm3.cloudfront.net/Brisk-Slouchy-Beanie-Get-Loose-Braided-Beanie_53367_1_sm.png', 'https://d3o2e4jr3mxnm3.cloudfront.net/Brisk-Slouchy-Beanie-Get-Loose-Braided-Beanie_53367_4_sm.png']",8,all,1,https://www.lifeisgood.com/accessories/hats/get-loose-slouchy-beanie-53367.html?dwvar_53367_color=RD001&cgid=accessories-hats
Get Loose Slouchy Beanie,53368-OS,$30.00,$0,Forest Green Marl,['One Size'],"['Warm with just the right amount of slouch, this beanie is game to wander wherever you do. ', '60% Cotton 30% Nylon 10% Merino Wool', 'Folded cuff', 'Slouchy fit', 'Patch on front cuff', 'Embroidered twill patch']","['https://d3o2e4jr3mxnm3.cloudfront.net/Brisk-Slouchy-Beanie-Get-Loose-Braided-Beanie_53368_1_sm.png', 'https://d3o2e4jr3mxnm3.cloudfront.net/Brisk-Slouchy-Beanie-Get-Loose-Braided-Beanie_53368_3_sm.png']",9,all,1,https://www.lifeisgood.com/accessories/hats/get-loose-slouchy-beanie-53368.html?dwvar_53368_color=15541&cgid=accessories-hats
Get Loose Slouchy Beanie,53369-OS,$30.00,$0,Vintage Blue,['One Size'],"['Warm with just the right amount of slouch, this beanie is game to wander wherever you do. ', '60% Cotton 30% Nylon 10% Merino Wool', 'Folded cuff', 'Slouchy fit', 'Patch on front cuff']","['https://d3o2e4jr3mxnm3.cloudfront.net/Brisk-Slouchy-Beanie-Get-Loose-Braided-Beanie_53369_1_sm.png', 'https://d3o2e4jr3mxnm3.cloudfront.net/Brisk-Slouchy-Beanie-Get-Loose-Braided-Beanie_53369_4_sm.png']",10,all,1,https://www.lifeisgood.com/accessories/hats/get-loose-slouchy-beanie-53369.html?dwvar_53369_color=09826&cgid=accessories-hats
Get Loose Slouchy Beanie,53371-OS,$30.00,$0,Night Black,['One Size'],"['Warm with just the right amount of slouch, this beanie is game to wander wherever you do. ', '60% Cotton 30% Nylon 10% Merino Wool', 'Folded cuff', 'Slouchy fit', 'Patch on front cuff', 'Embroidered twill patch']","['https://d3o2e4jr3mxnm3.cloudfront.net/Brisk-Slouchy-Beanie-Get-Loose-Braided-Beanie_53371_3_sm.png', 'https://d3o2e4jr3mxnm3.cloudfront.net/Brisk-Slouchy-Beanie-Get-Loose-Braided-Beanie_53371_1_sm.png']",11,all,1,https://www.lifeisgood.com/accessories/hats/get-loose-slouchy-beanie-53371.html?dwvar_53371_color=BK001&cgid=accessories-hats
Get Loose Slouchy Beanie,53370-OS,$30.00,$0,Heather Oatmeal,['One Size'],"['Warm with just the right amount of slouch, this beanie is game to wander wherever you do. ', '60% Cotton 30% Nylon 10% Merino Wool', 'Folded cuff', 'Slouchy fit', 'Patch on front cuff', 'Embroidered felt patch']","['https://d3o2e4jr3mxnm3.cloudfront.net/Brisk-Slouchy-Beanie-Get-Loose-Braided-Beanie_53370_1_sm.png', 'https://d3o2e4jr3mxnm3.cloudfront.net/Brisk-Slouchy-Beanie-Get-Loose-Braided-Beanie_53370_3_sm.png']",12,all,1,https://www.lifeisgood.com/accessories/hats/get-loose-slouchy-beanie-53370.html?dwvar_53370_color=05709&cgid=accessories-hats
Life is Good Mountains Chill Cap,47785-OS,$20.00,$0,Slate Gray,['One Size'],"[""Some hats you wear more than others - this is one of those hats. With embroidered art work on the front and heavy top stitching throughout, this is one you'll keep coming back to."", '100% Cotton', 'Fabric and garment washed for softness', 'Embroidered art work', 'Life is Good label on the back', 'Adjustable back closure with snap', 'Imported']","['https://d3o2e4jr3mxnm3.cloudfront.net/Life-is-Good-Mountains-Chill-Cap_47785_1_sm.png', 'https://d3o2e4jr3mxnm3.cloudfront.net/Life-is-Good-Mountains-Chill-Cap_47785_2_sm.png']",13,all,1,https://www.lifeisgood.com/accessories/hats/life-is-good-mountains-chill-cap-47785.html?dwvar_47785_color=04518&cgid=accessories-hats
Sea Turtle Scene Sunwashed Chill Cap,51607-OS,$26.00,$0,Vintage Blue,['One Size'],"['Sun-washed for a naturally faded look, this laidback style has endless summers ahead of it, with intentional discoloration and grinding at the brim and seams.', '100% Cotton Twill', 'Sun washed for intentional discoloration and faded appearance', 'Grinding gives a worn look on the bill and at the seams', 'Heavy top stitching and Life is Good label in the back', 'Six panel unstructured low-mid crown and four rows of stitching on the brim']","['https://d3o2e4jr3mxnm3.cloudfront.net/Sea-Turtle-Scene-Sunwashed-Chill-Cap_51607_1_sm.png', 'https://d3o2e4jr3mxnm3.cloudfront.net/Sea-Turtle-Scene-Sunwashed-Chill-Cap_51607_2_sm.png']",14,all,1,https://www.lifeisgood.com/accessories/hats/sea-turtle-scene-sunwashed-chill-cap-51607.html?dwvar_51607_color=09826&cgid=accessories-hats
LIG Mountains Chill Cap,53349-OS,$22.00,$0,Darkest Blue,['One Size'],"[""Some hats you wear more than others - this is one of those hats. With artwork on the front in various applications, this is one you'll keep coming back to."", '100% Cotton Twill', 'Fabric and garment washed for softness', 'Six Panel with unstructured low-mid crown and six rows of stitching', 'Life is Good label on the back', 'Adjustable back closure with snap', 'Embroidered graphic']","['https://d3o2e4jr3mxnm3.cloudfront.net/LIG-Mountains-Chill-Cap_53349_1_sm.png', 'https://d3o2e4jr3mxnm3.cloudfront.net/LIG-Mountains-Chill-Cap_53349_2_sm.png']",15,all,1,https://www.lifeisgood.com/accessories/hats/lig-mountains-chill-cap-53349.html?dwvar_53349_color=DRKSB&cgid=accessories-hats
LIG Mountains Chill Cap,53302,$16.00,$0,Vintage Blue,"['S', 'M/L']","['This ones for the kids. Our Chill Cap features embroidered artwork and an adjustable back closure.', '100% Cotton Twill', 'Fabric and garment washed', 'Adjustable back closure', 'Embroidered graphic']","['https://d3o2e4jr3mxnm3.cloudfront.net/LIG-Mountains-Chill-Cap_53302_1_sm.png', 'https://d3o2e4jr3mxnm3.cloudfront.net/LIG-Mountains-Chill-Cap_53302_2_sm.png']",16,all,1,https://www.lifeisgood.com/accessories/hats/lig-mountains-chill-cap-53302.html?dwvar_53302_color=09826&cgid=accessories-hats
Snowflake LIG Sunwashed Chill Cap,53321-OS,$26.00,$0,Wild Cherry,['One Size'],"['Sun-washed for a naturally faded look, this laidback style has endless summers ahead of it, with intentional discoloration and grinding at the brim and seams.', '100% Cotton Twill', 'Sun washed for intentional discoloration and faded appearance', 'Grinding gives a worn look on the bill and at the seams', 'Heavy top stitching and Life is Good label in the back', 'Six panel unstructured low-mid crown and four rows of stitching on the brim', 'Embroidered graphic']","['https://d3o2e4jr3mxnm3.cloudfront.net/Snowflake-LIG-Sunwashed-Chill-Cap_53321_1_sm.png', 'https://d3o2e4jr3mxnm3.cloudfront.net/Snowflake-LIG-Sunwashed-Chill-Cap_53321_2_sm.png']",17,all,1,https://www.lifeisgood.com/accessories/hats/snowflake-lig-sunwashed-chill-cap-53321.html?dwvar_53321_color=RD001&cgid=accessories-hats
Clover Tattered Chill Cap,47795-OS,$22.00,$0,Bone,['One Size'],"[""Some hats you wear more than others - this is one of those hats. With an embroidered tattered graphic on the front, this is one you'll keep coming back to."", '100% Cotton Twill', 'Fabric and garment washed for softness', 'Six Panel unstructured low-mid crown with four rows of stitching on the brim', 'Life is Good label on the back', 'Adjustable back closure with snap']","['https://d3o2e4jr3mxnm3.cloudfront.net/Clover-Tattered-Chill-Cap_47795_1_sm.png', 'https://d3o2e4jr3mxnm3.cloudfront.net/Clover-Tattered-Chill-Cap_47795_2_sm.png']",18,all,1,https://www.lifeisgood.com/accessories/hats/clover-tattered-chill-cap-47795.html?dwvar_47795_color=BONE&cgid=accessories-hats
Outdoor LIG Sunwashed Chill Cap,53322-OS,$26.00,$0,Forest Green,['One Size'],"['Sun-washed for a naturally faded look, this laidback style has endless summers ahead of it, with intentional discoloration and grinding at the brim and seams.', '100% Cotton Twill', 'Sun washed for intentional discoloration and faded appearance', 'Grinding gives a worn look on the bill and at the seams', 'Heavy top stitching and Life is Good label in the back', 'Six panel unstructured low-mid crown and four rows of stitching on the brim', 'Embroidered graphic', 'Life is Good on the brim']","['https://d3o2e4jr3mxnm3.cloudfront.net/Outdoor-LIG-Sunwashed-Chill-Cap_53322_1_sm.png', 'https://d3o2e4jr3mxnm3.cloudfront.net/Outdoor-LIG-Sunwashed-Chill-Cap_53322_2_sm.png']",19,all,1,https://www.lifeisgood.com/accessories/hats/outdoor-lig-sunwashed-chill-cap-53322.html?dwvar_53322_color=FRSGR&cgid=accessories-hats
LIG Star Stack High Rise Cap,53303-OS,$24.00,$0,Darkest Blue,['One Size'],"['Some hats you wear more than others - this is one of those hats. Featuring a higher crown and an adjustable snap back, this is one you´ll keep coming back to.', '100% Cotton Plain Weave', 'Higher Crown', 'Crisp and clean plain weave fabric', 'Six panel structured mid crown and six rows of stitching on brim', 'Snap back closure with Life is Good label on the back', 'Embroidered graphic']","['https://d3o2e4jr3mxnm3.cloudfront.net/LIG-Star-Stack-High-Rise-Cap_53303_1_sm.png', 'https://d3o2e4jr3mxnm3.cloudfront.net/LIG-Star-Stack-High-Rise-Cap_53303_2_sm.png']",20,all,1,https://www.lifeisgood.com/accessories/hats/lig-star-stack-high-rise-cap-53303.html?dwvar_53303_color=DRKSB&cgid=accessories-hats
LIG Star Stack High Rise Cap,53305-OS,$24.00,$0,Forest Green,['One Size'],"['Some hats you wear more than others - this is one of those hats. Featuring a higher crown and an adjustable snap back, this is one you´ll keep coming back to.', '100% Cotton Plain Weave', 'Higher Crown', 'Crisp and clean plain weave fabric', 'Six panel structured mid crown and six rows of stitching on brim', 'Snap back closure with Life is Good label on the back', 'Embroidered graphic']","['https://d3o2e4jr3mxnm3.cloudfront.net/LIG-Star-Stack-High-Rise-Cap_53305_1_sm.png', 'https://d3o2e4jr3mxnm3.cloudfront.net/LIG-Star-Stack-High-Rise-Cap_53305_2_sm.png']",21,all,1,https://www.lifeisgood.com/accessories/hats/lig-star-stack-high-rise-cap-53305.html?dwvar_53305_color=FRSGR&cgid=accessories-hats
LIG Star Stack High Rise Cap,54222-OS,$24.00,$0,Slate Gray,['One Size'],"['Some hats you wear more than others - this is one of those hats. Featuring a higher crown and an adjustable snap back, this is one you´ll keep coming back to.', '100% Cotton Plain Weave', 'Higher Crown', 'Crisp and clean plain weave fabric', 'Six panel structured mid crown and six rows of stitching on brim', 'Snap back closure with Life is Good label on the back', 'Embroidered graphic']","['https://d3o2e4jr3mxnm3.cloudfront.net/LIG-Star-Stack-High-Rise-Cap_54222_1_sm.png', 'https://d3o2e4jr3mxnm3.cloudfront.net/LIG-Star-Stack-High-Rise-Cap_54222_2_sm.png']",22,all,1,https://www.lifeisgood.com/accessories/hats/lig-star-stack-high-rise-cap-54222.html?dwvar_54222_color=04518&cgid=accessories-hats
LIG Star Coin Semi-formal Flat Cap,53306-OS,$26.00,$0,Darkest Blue,['One Size'],"['Not your average baseball cap. Our most structured fit comes together with a snap back as laid-back as you are, letting you strike just the right balance between cool and casual. ', '70% Polyester 30% Rayon', 'Six panel structured mid crown ', 'Flat Visor with six rows of stitching', 'Adjustable snap back closure', 'Life is Good label on the back', 'Embroidered twill patch']","['https://d3o2e4jr3mxnm3.cloudfront.net/LIG-Star-Coin-Semi-formal-Flat-Cap_53306_1_sm.png', 'https://d3o2e4jr3mxnm3.cloudfront.net/LIG-Star-Coin-Semi-formal-Flat-Cap_53306_2_sm.png']",23,all,1,https://www.lifeisgood.com/accessories/hats/lig-star-coin-semi-formal-flat-cap-53306.html?dwvar_53306_color=DRKSB&cgid=accessories-hats
LIG Star Coin Semi-formal Flat Cap,53307-OS,$26.00,$0,Slate Gray,['One Size'],"['Not your average baseball cap. Our most structured fit comes together with a snap back as laid-back as you are, letting you strike just the right balance between cool and casual. ', '70% Polyester 30% Rayon', 'Six panel structured mid crown ', 'Flat Visor with six rows of stitching', 'Adjustable snap back closure', 'Life is Good label on the back', 'Embroidered twill patch']","['https://d3o2e4jr3mxnm3.cloudfront.net/LIG-Star-Coin-Semi-formal-Flat-Cap_53307_1_sm.png', 'https://d3o2e4jr3mxnm3.cloudfront.net/LIG-Star-Coin-Semi-formal-Flat-Cap_53307_2_sm.png']",24,all,1,https://www.lifeisgood.com/accessories/hats/lig-star-coin-semi-formal-flat-cap-53307.html?dwvar_53307_color=04518&cgid=accessories-hats
Explore Patch Get Out Cap,53314-OS,$26.00,$0,Light Forest Green,['One Size'],"['Easy, breezy nylon. This cap fits like a favorite, keeping you cool and covered wherever you explore. ', '100% Nylon', 'Six panel unstructured low - mid crown', 'Snap back adjuster', 'Life is Good label on the back', 'Four rows of stitching on brim', 'Felt patch']","['https://d3o2e4jr3mxnm3.cloudfront.net/Explore-Patch-Get-Out-Cap_53314_1_sm.png', 'https://d3o2e4jr3mxnm3.cloudfront.net/Explore-Patch-Get-Out-Cap_53314_2_sm.png']",25,all,1,https://www.lifeisgood.com/accessories/hats/explore-patch-get-out-cap-53314.html?dwvar_53314_color=15540&cgid=accessories-hats
Pine Tree Color Patch Get Out Cap,53315-OS,$26.00,$0,Darkest Blue,['One Size'],"['Easy, breezy nylon. This cap fits like a favorite, keeping you cool and covered wherever you explore. ', '100% Nylon', 'Six panel unstructured low - mid crown', 'Snap back adjuster', 'Life is Good label on the back', 'Four rows of stitching on brim', 'Embroidered graphic', 'Life is Good on the brim']","['https://d3o2e4jr3mxnm3.cloudfront.net/Pine-Tree-Color-Patch-Get-Out-Cap_53315_1_sm.png', 'https://d3o2e4jr3mxnm3.cloudfront.net/Pine-Tree-Color-Patch-Get-Out-Cap_53315_2_sm.png']",26,all,1,https://www.lifeisgood.com/accessories/hats/pine-tree-color-patch-get-out-cap-53315.html?dwvar_53315_color=DRKSB&cgid=accessories-hats
Surf N Turf Patch Get Out Cap,53316-OS,$26.00,$0,Night Black,['One Size'],"['Easy, breezy nylon. This cap fits like a favorite, keeping you cool and covered wherever you explore. ', '100% Nylon', 'Six panel unstructured low - mid crown', 'Snap back adjuster', 'Life is Good label on the back', 'Four rows of stitching on brim', 'Embroidered twill patch']","['https://d3o2e4jr3mxnm3.cloudfront.net/Surf-N-Turf-Patch-Get-Out-Cap_53316_1_sm.png', 'https://d3o2e4jr3mxnm3.cloudfront.net/Surf-N-Turf-Patch-Get-Out-Cap_53316_2_sm.png']",27,all,1,https://www.lifeisgood.com/accessories/hats/surf-n-turf-patch-get-out-cap-53316.html?dwvar_53316_color=BK001&cgid=accessories-hats
Power Patch Low Five Cap,53317-OS,$26.00,$0,Darkest Blue,['One Size'],"['The perfect fit for laying low. Easy, unstructured, and stitched for added style, this one can top off any look. ', '100% Nylon', 'Five Panel unstructured low crown', 'Metal eyelets', 'Flat Visor with six rows of stitching', 'Plastic buckle adjuster at back and Life is Good label', 'Twill patch']","['https://d3o2e4jr3mxnm3.cloudfront.net/Power-Patch-Low-Five-Cap_53317_1_sm.png', 'https://d3o2e4jr3mxnm3.cloudfront.net/Power-Patch-Low-Five-Cap_53317_2_sm.png']",28,all,1,https://www.lifeisgood.com/accessories/hats/power-patch-low-five-cap-53317.html?dwvar_53317_color=DRKSB&cgid=accessories-hats
Leather LIG Patch Low Five Cap,53318-OS,$26.00,$0,Light Forest Green,['One Size'],"['The perfect fit for laying low. Easy, unstructured, and stitched for added style, this one can top off any look. ', '100% Nylon', 'Five Panel unstructured low crown', 'Metal eyelets', 'Flat Visor with six rows of stitching', 'Plastic buckle adjuster at back and Life is Good label', 'Faux leather patch']","['https://d3o2e4jr3mxnm3.cloudfront.net/Leather-LIG-Patch-Low-Five-Cap_53318_1_sm.png', 'https://d3o2e4jr3mxnm3.cloudfront.net/Leather-LIG-Patch-Low-Five-Cap_53318_2_sm.png']",29,all,1,https://www.lifeisgood.com/accessories/hats/leather-lig-patch-low-five-cap-53318.html?dwvar_53318_color=15540&cgid=accessories-hats
Do What You Love Script Chill Cap,53344-OS,$22.00,$0,Bone,['One Size'],"[""Some hats you wear more than others - this is one of those hats. With artwork on the front in various applications, this is one you'll keep coming back to."", '100% Cotton Twill', 'Fabric and garment washed for softness', 'Six Panel with unstructured low-mid crown and six rows of stitching', 'Life is Good label on the back', 'Adjustable back closure with snap', 'Embroidered graphic', 'Life is Good on the brim']","['https://d3o2e4jr3mxnm3.cloudfront.net/Do-What-You-Love-Script-Chill-Cap_53344_1_sm.png', 'https://d3o2e4jr3mxnm3.cloudfront.net/Do-What-You-Love-Script-Chill-Cap_53344_2_sm.png']",30,all,1,https://www.lifeisgood.com/accessories/hats/do-what-you-love-script-chill-cap-53344.html?dwvar_53344_color=BONE&cgid=accessories-hats
Ballyard Script Tattered Chill Cap,53330-OS,$24.00,$0,Wild Cherry,['One Size'],"[""Some hats you wear more than others - this is one of those hats. With an embroidered tattered graphic on the front, this is one you'll keep coming back to."", '100% Cotton Twill', 'Fabric and garment washed for softness', 'Six Panel unstructured low-mid crown with four rows of stitching on the brim', 'Life is Good label on the back', 'Adjustable back closure with snap', 'Embroidered tattered patch']","['https://d3o2e4jr3mxnm3.cloudfront.net/Ballyard-Script-Tattered-Chill-Cap_53330_1_sm.png', 'https://d3o2e4jr3mxnm3.cloudfront.net/Ballyard-Script-Tattered-Chill-Cap_53330_2_sm.png']",31,all,1,https://www.lifeisgood.com/accessories/hats/ballyard-script-tattered-chill-cap-53330.html?dwvar_53330_color=RD001&cgid=accessories-hats
Unicorn Chill Cap,53297,$16.00,$0,Wild Cherry,"['S', 'M/L']","['This ones for the kids. Our Chill Cap features embroidered artwork and an adjustable back closure.', '100% Cotton Twill', 'Fabric and garment washed', 'Adjustable back closure', 'Embroidered graphic']","['https://d3o2e4jr3mxnm3.cloudfront.net/Unicorn-Chill-Cap_53297_1_sm.png', 'https://d3o2e4jr3mxnm3.cloudfront.net/Unicorn-Chill-Cap_53297_2_sm.png']",32,all,1,https://www.lifeisgood.com/accessories/hats/unicorn-chill-cap-53297.html?dwvar_53297_color=RD001&cgid=accessories-hats
LIG Coin Chill Cap,53345-OS,$22.00,$0,Slate Gray,['One Size'],"[""Some hats you wear more than others - this is one of those hats. With artwork on the front in various applications, this is one you'll keep coming back to."", '100% Cotton Twill', 'Fabric and garment washed for softness', 'Six Panel with unstructured low-mid crown and six rows of stitching', 'Life is Good label on the back', 'Adjustable back closure with snap', 'Twill and felt patch']","['https://d3o2e4jr3mxnm3.cloudfront.net/LIG-Coin-Chill-Cap_53345_1_sm.png', 'https://d3o2e4jr3mxnm3.cloudfront.net/LIG-Coin-Chill-Cap_53345_2_sm.png']",33,all,1,https://www.lifeisgood.com/accessories/hats/lig-coin-chill-cap-53345.html?dwvar_53345_color=04518&cgid=accessories-hats
Sunday Funday Chill Cap,53338-OS,$22.00,$0,Darkest Blue,['One Size'],"[""Some hats you wear more than others - this is one of those hats. With artwork on the front in various applications, this is one you'll keep coming back to."", '100% Cotton Twill', 'Fabric and garment washed for softness', 'Six Panel with unstructured low-mid crown and six rows of stitching', 'Life is Good label on the back', 'Adjustable back closure with snap', 'Embroidered felt patch', 'Life is Good on the brim']","['https://d3o2e4jr3mxnm3.cloudfront.net/Sunday-Funday-Chill-Cap_53338_1_sm.png', 'https://d3o2e4jr3mxnm3.cloudfront.net/Sunday-Funday-Chill-Cap_53338_2_sm.png']",34,all,1,https://www.lifeisgood.com/accessories/hats/sunday-funday-chill-cap-53338.html?dwvar_53338_color=DRKSB&cgid=accessories-hats
Flowering Chill Cap,53300,$16.00,$0,Pop Pink,"['S', 'M/L']","['This ones for the kids. Our Chill Cap features embroidered artwork and an adjustable back closure.', '100% Cotton Twill', 'Fabric and garment washed', 'Adjustable back closure', 'Embroidered graphic']","['https://d3o2e4jr3mxnm3.cloudfront.net/Flowering-Chill-Cap_53300_1_sm.png', 'https://d3o2e4jr3mxnm3.cloudfront.net/Flowering-Chill-Cap_53300_2_sm.png']",35,all,1,https://www.lifeisgood.com/accessories/hats/flowering-chill-cap-53300.html?dwvar_53300_color=08247&cgid=accessories-hats
Ballyard Script Chill Cap,53346-OS,$22.00,$0,Night Black,['One Size'],"[""Some hats you wear more than others - this is one of those hats. With artwork on the front in various applications, this is one you'll keep coming back to."", '100% Cotton Twill', 'Fabric and garment washed for softness', 'Six Panel with unstructured low-mid crown and six rows of stitching', 'Life is Good label on the back', 'Adjustable back closure with snap', 'Embroidered graphic']","['https://d3o2e4jr3mxnm3.cloudfront.net/Ballyard-Script-Chill-Cap_53346_1_sm.png', 'https://d3o2e4jr3mxnm3.cloudfront.net/Ballyard-Script-Chill-Cap_53346_2_sm.png']",36,all,1,https://www.lifeisgood.com/accessories/hats/ballyard-script-chill-cap-53346.html?dwvar_53346_color=BK001&cgid=accessories-hats
LIG Jake Chill Cap,53298,$16.00,$0,Darkest Blue,"['S', 'M/L']","['This ones for the kids. Our Chill Cap features embroidered artwork and an adjustable back closure.', '100% Cotton Twill', 'Fabric and garment washed', 'Adjustable back closure', 'Embroidered graphic']","['https://d3o2e4jr3mxnm3.cloudfront.net/LIG-Jake-Chill-Cap_53298_1_sm.png', 'https://d3o2e4jr3mxnm3.cloudfront.net/LIG-Jake-Chill-Cap_53298_2_sm.png']",37,all,1,https://www.lifeisgood.com/accessories/hats/lig-jake-chill-cap-53298.html?dwvar_53298_color=DRKSB&cgid=accessories-hats
LIG Jake Chill Cap,53341-OS,$22.00,$0,Vintage Blue,['One Size'],"[""Some hats you wear more than others - this is one of those hats. With artwork on the front in various applications, this is one you'll keep coming back to."", '100% Cotton Twill', 'Fabric and garment washed for softness', 'Six Panel with unstructured low-mid crown and six rows of stitching', 'Life is Good label on the back', 'Adjustable back closure with snap', 'Embroidered graphic']","['https://d3o2e4jr3mxnm3.cloudfront.net/LIG-Jake-Chill-Cap_53341_1_sm.png', 'https://d3o2e4jr3mxnm3.cloudfront.net/LIG-Jake-Chill-Cap_53341_2_sm.png']",38,all,1,https://www.lifeisgood.com/accessories/hats/lig-jake-chill-cap-53341.html?dwvar_53341_color=09826&cgid=accessories-hats
LIG Coin Chill Cap,53301,$16.00,$0,Slate Gray,"['S', 'M/L']","['This ones for the kids. Our Chill Cap features embroidered artwork and an adjustable back closure.', '100% Cotton Twill', 'Fabric and garment washed', 'Adjustable back closure', 'Embroidered felt patch']","['https://d3o2e4jr3mxnm3.cloudfront.net/LIG-Coin-Chill-Cap_53301_1_sm.png', 'https://d3o2e4jr3mxnm3.cloudfront.net/LIG-Coin-Chill-Cap_53301_2_sm.png']",39,all,1,https://www.lifeisgood.com/accessories/hats/lig-coin-chill-cap-53301.html?dwvar_53301_color=04518&cgid=accessories-hats
Simple Palm Tree Chill Cap,53348-OS,$22.00,$0,Vivid Blue,['One Size'],"[""Some hats you wear more than others - this is one of those hats. With artwork on the front in various applications, this is one you'll keep coming back to."", '100% Cotton Twill', 'Fabric and garment washed for softness', 'Six Panel with unstructured low-mid crown and six rows of stitching', 'Life is Good label on the back', 'Adjustable back closure with snap', 'Embroidered graphic', 'Life is Good on the brim']","['https://d3o2e4jr3mxnm3.cloudfront.net/Simple-Palm-Tree-Chill-Cap_53348_1_sm.png', 'https://d3o2e4jr3mxnm3.cloudfront.net/Simple-Palm-Tree-Chill-Cap_53348_2_sm.png']",40,all,1,https://www.lifeisgood.com/accessories/hats/simple-palm-tree-chill-cap-53348.html?dwvar_53348_color=06724&cgid=accessories-hats
Goodfather LiG Chill Cap ,51594-OS,$22.00,$0,Darkest Blue,['One Size'],"[""Some hats you wear more than others - this is one of those hats. With artwork on the front in various applications, this is one you'll keep coming back to."", '100% Cotton Twill', 'Fabric and garment washed for softness', 'Six Panel with unstructured low-mid crown and six rows of stitching', 'Life is Good label on the back', 'Adjustable back closure with snap']","['https://d3o2e4jr3mxnm3.cloudfront.net/Goodfather-LiG-Chill-Cap-_51594_1_sm.png', 'https://d3o2e4jr3mxnm3.cloudfront.net/Goodfather-LiG-Chill-Cap-_51594_2_sm.png']",41,all,1,https://www.lifeisgood.com/accessories/hats/goodfather-lig-chill-cap--51594.html?dwvar_51594_color=DRKSB&cgid=accessories-hats
LIG Star Coin Sunwashed Chill Cap,53324-OS,$26.00,$0,Vintage Blue,['One Size'],"['Sun-washed for a naturally faded look, this laidback style has endless summers ahead of it, with intentional discoloration and grinding at the brim and seams.', '100% Cotton Twill', 'Sun washed for intentional discoloration and faded appearance', 'Grinding gives a worn look on the bill and at the seams', 'Heavy top stitching and Life is Good label in the back', 'Six panel unstructured low-mid crown and four rows of stitching on the brim', 'Chain stitch embroidery']","['https://d3o2e4jr3mxnm3.cloudfront.net/LIG-Star-Coin-Sunwashed-Chill-Cap_53324_1_sm.png', 'https://d3o2e4jr3mxnm3.cloudfront.net/LIG-Star-Coin-Sunwashed-Chill-Cap_53324_2_sm.png']",42,all,1,https://www.lifeisgood.com/accessories/hats/lig-star-coin-sunwashed-chill-cap-53324.html?dwvar_53324_color=09826&cgid=accessories-hats
Mosaic Butterfly Chill Cap,53343-OS,$22.00,$0,Wild Cherry,['One Size'],"[""Some hats you wear more than others - this is one of those hats. With artwork on the front in various applications, this is one you'll keep coming back to."", '100% Cotton Twill', 'Fabric and garment washed for softness', 'Six Panel with unstructured low-mid crown and six rows of stitching', 'Life is Good label on the back', 'Adjustable back closure with snap', 'Embroidered graphic', 'Life is Good on the brim']","['https://d3o2e4jr3mxnm3.cloudfront.net/Mosaic-Butterfly-Chill-Cap_53343_1_sm.png', 'https://d3o2e4jr3mxnm3.cloudfront.net/Mosaic-Butterfly-Chill-Cap_53343_2_sm.png']",43,all,1,https://www.lifeisgood.com/accessories/hats/mosaic-butterfly-chill-cap-53343.html?dwvar_53343_color=RD001&cgid=accessories-hats
Sailboat Coin Sunwashed Chill Cap,54180-OS,$26.00,$0,Darkest Blue,['One Size'],"['Sun-washed for a naturally faded look, this laidback style has endless summers ahead of it, with intentional discoloration and grinding at the brim and seams.', '100% Cotton Twill', 'Sun washed for intentional discoloration and faded appearance', 'Grinding gives a worn look on the bill and at the seams', 'Heavy top stitching and Life is Good label in the back', 'Six panel unstructured low-mid crown and four rows of stitching on the brim', 'Embroidered graphic', 'Life is Good on the brim']","['https://d3o2e4jr3mxnm3.cloudfront.net/Sailboat-Coin-Sunwashed-Chill-Cap_54180_1_sm.png', 'https://d3o2e4jr3mxnm3.cloudfront.net/Sailboat-Coin-Sunwashed-Chill-Cap_54180_2_sm.png']",44,all,1,https://www.lifeisgood.com/accessories/hats/sailboat-coin-sunwashed-chill-cap-54180.html?dwvar_54180_color=DRKSB&cgid=accessories-hats
Anchor Chill Cap,53350-OS,$22.00,$0,Slate Gray,['One Size'],"[""Some hats you wear more than others - this is one of those hats. With artwork on the front in various applications, this is one you'll keep coming back to."", '100% Cotton Twill', 'Fabric and garment washed for softness', 'Six Panel with unstructured low-mid crown and six rows of stitching', 'Life is Good label on the back', 'Adjustable back closure with snap', 'Embroidered graphic', 'Life is Good on the brim']","['https://d3o2e4jr3mxnm3.cloudfront.net/Anchor-Chill-Cap_53350_1_sm.png', 'https://d3o2e4jr3mxnm3.cloudfront.net/Anchor-Chill-Cap_53350_2_sm.png']",45,all,1,https://www.lifeisgood.com/accessories/hats/anchor-chill-cap-53350.html?dwvar_53350_color=04518&cgid=accessories-hats
LIG Baseball Chill Cap,53339-OS,$22.00,$0,Americana Red,['One Size'],"[""Some hats you wear more than others - this is one of those hats. With artwork on the front in various applications, this is one you'll keep coming back to."", '100% Cotton Twill', 'Fabric and garment washed for softness', 'Six Panel with unstructured low-mid crown and six rows of stitching', 'Life is Good label on the back', 'Adjustable back closure with snap', 'Embroidered graphic']","['https://d3o2e4jr3mxnm3.cloudfront.net/LIG-Baseball-Chill-Cap_53339_1_sm.png', 'https://d3o2e4jr3mxnm3.cloudfront.net/LIG-Baseball-Chill-Cap_53339_2_sm.png']",46,all,1,https://www.lifeisgood.com/accessories/hats/lig-baseball-chill-cap-53339.html?dwvar_53339_color=08317&cgid=accessories-hats
Simple Flip Flops Tattered Chill Cap,53329-OS,$24.00,$0,Wild Cherry,['One Size'],"[""Some hats you wear more than others - this is one of those hats. With an embroidered tattered graphic on the front, this is one you'll keep coming back to."", '100% Cotton Twill', 'Fabric and garment washed for softness', 'Six Panel unstructured low-mid crown with four rows of stitching on the brim', 'Life is Good label on the back', 'Adjustable back closure with snap', 'Embroidered tattered patch', 'Life is Good on the brim']","['https://d3o2e4jr3mxnm3.cloudfront.net/Simple-Flip-Flops-Tattered-Chill-Cap_53329_1_sm.png', 'https://d3o2e4jr3mxnm3.cloudfront.net/Simple-Flip-Flops-Tattered-Chill-Cap_53329_2_sm.png']",47,all,1,https://www.lifeisgood.com/accessories/hats/simple-flip-flops-tattered-chill-cap-53329.html?dwvar_53329_color=RD001&cgid=accessories-hats
Sunshine LIG Sunwashed Chill Cap,53319-OS,$26.00,$0,Fresh Coral,['One Size'],"['Sun-washed for a naturally faded look, this laidback style has endless summers ahead of it, with intentional discoloration and grinding at the brim and seams.', '100% Cotton Twill', 'Sun washed for intentional discoloration and faded appearance', 'Grinding gives a worn look on the bill and at the seams', 'Heavy top stitching and Life is Good label in the back', 'Six panel unstructured low-mid crown and four rows of stitching on the brim', 'Embroidered graphic', 'Life is Good on the brim']","['https://d3o2e4jr3mxnm3.cloudfront.net/Sunshine-LIG-Sunwashed-Chill-Cap_53319_1_sm.png', 'https://d3o2e4jr3mxnm3.cloudfront.net/Sunshine-LIG-Sunwashed-Chill-Cap_53319_2_sm.png']",48,all,1,https://www.lifeisgood.com/accessories/hats/sunshine-lig-sunwashed-chill-cap-53319.html?dwvar_53319_color=09832&cgid=accessories-hats
Ballyard Script Chill Cap,53299,$16.00,$0,Forest Green,"['S', 'M/L']","['This ones for the kids. Our Chill Cap features embroidered artwork and an adjustable back closure.', '100% Cotton Twill', 'Fabric and garment washed', 'Adjustable back closure', 'Embroidered graphic']","['https://d3o2e4jr3mxnm3.cloudfront.net/Ballyard-Script-Chill-Cap_53299_1_sm.png', 'https://d3o2e4jr3mxnm3.cloudfront.net/Ballyard-Script-Chill-Cap_53299_2_sm.png']",49,all,1,https://www.lifeisgood.com/accessories/hats/ballyard-script-chill-cap-53299.html?dwvar_53299_color=FRSGR&cgid=accessories-hats
Anchor Tattered Chill Cap,53331-OS,$24.00,$0,Vintage Blue,['One Size'],"[""Some hats you wear more than others - this is one of those hats. With an embroidered tattered graphic on the front, this is one you'll keep coming back to."", '100% Cotton Twill', 'Fabric and garment washed for softness', 'Six Panel unstructured low-mid crown with four rows of stitching on the brim', 'Life is Good label on the back', 'Adjustable back closure with snap', 'Embroidered tattered patch', 'Life is Good on the brim']","['https://d3o2e4jr3mxnm3.cloudfront.net/Anchor-Tattered-Chill-Cap_53331_1_sm.png', 'https://d3o2e4jr3mxnm3.cloudfront.net/Anchor-Tattered-Chill-Cap_53331_2_sm.png']",50,all,1,https://www.lifeisgood.com/accessories/hats/anchor-tattered-chill-cap-53331.html?dwvar_53331_color=09826&cgid=accessories-hats
LIG Compass Sunwashed Chill Cap,53323-OS,$26.00,$0,Fresh Coral,['One Size'],"['Sun-washed for a naturally faded look, this laidback style has endless summers ahead of it, with intentional discoloration and grinding at the brim and seams.', '100% Cotton Twill', 'Sun washed for intentional discoloration and faded appearance', 'Grinding gives a worn look on the bill and at the seams', 'Heavy top stitching and Life is Good label in the back', 'Six panel unstructured low-mid crown and four rows of stitching on the brim', 'Embroidered graphic']","['https://d3o2e4jr3mxnm3.cloudfront.net/LIG-Compass-Sunwashed-Chill-Cap_53323_1_sm.png', 'https://d3o2e4jr3mxnm3.cloudfront.net/LIG-Compass-Sunwashed-Chill-Cap_53323_2_sm.png']",51,all,1,https://www.lifeisgood.com/accessories/hats/lig-compass-sunwashed-chill-cap-53323.html?dwvar_53323_color=09832&cgid=accessories-hats
LIG Oval Chill Cap,53340-OS,$22.00,$0,Pop Pink,['One Size'],"[""Some hats you wear more than others - this is one of those hats. With artwork on the front in various applications, this is one you'll keep coming back to."", '100% Cotton Twill', 'Fabric and garment washed for softness', 'Six Panel with unstructured low-mid crown and six rows of stitching', 'Life is Good label on the back', 'Adjustable back closure with snap', 'Twill patch']","['https://d3o2e4jr3mxnm3.cloudfront.net/LIG-Oval-Chill-Cap_53340_1_sm.png', 'https://d3o2e4jr3mxnm3.cloudfront.net/LIG-Oval-Chill-Cap_53340_2_sm.png']",52,all,1,https://www.lifeisgood.com/accessories/hats/lig-oval-chill-cap-53340.html?dwvar_53340_color=08247&cgid=accessories-hats
Artsy LIG Stars Soft Mesh Back Cap,54174-OS,$26.00,$0,Darkest Blue,['One Size'],"['Life is good with this Soft Mesh Back Chill Cap! Its fabric and garment washed, featuring artwork up front and a snap back.', '100% Cotton Twill', 'Fabric and garment washed for softness ', 'Soft mesh', 'Snap back and label on the back', 'Six panel unstructured low-mid crown with four rows of stitching on the brim', 'Embroidered graphic']","['https://d3o2e4jr3mxnm3.cloudfront.net/Artsy-LIG-Stars-Soft-Mesh-Back-Cap_54174_1_sm.png', 'https://d3o2e4jr3mxnm3.cloudfront.net/Artsy-LIG-Stars-Soft-Mesh-Back-Cap_54174_2_sm.png']",53,all,1,https://www.lifeisgood.com/accessories/hats/artsy-lig-stars-soft-mesh-back-cap-54174.html?dwvar_54174_color=DRKSB&cgid=accessories-hats
Ballyard Script Soft Mesh Back Cap,53311-OS,$26.00,$0,Forest Green,['One Size'],"['Life is good with this Soft Mesh Back Chill Cap! Its fabric and garment washed, featuring artwork up front and a snap back.', '100% Cotton Twill', 'Fabric and garment washed for softness ', 'Soft mesh', 'Snap back and label on the back', 'Six panel unstructured low-mid crown with four rows of stitching on the brim', 'Embroidered graphic']","['https://d3o2e4jr3mxnm3.cloudfront.net/Ballyard-Script-Soft-Mesh-Back-Cap_53311_1_sm.png', 'https://d3o2e4jr3mxnm3.cloudfront.net/Ballyard-Script-Soft-Mesh-Back-Cap_53311_2_sm.png']",54,all,1,https://www.lifeisgood.com/accessories/hats/ballyard-script-soft-mesh-back-cap-53311.html?dwvar_53311_color=FRSGR&cgid=accessories-hats
Stay True Star Patch Hard Mesh Back Cap,54221-OS,$26.00,$0,Night Black,['One Size'],"['Instant chill-out. This Mesh Back cap comes with an adjustable snap back for that just-right fit.', '100% Cotton Plain Weave', 'Crisp and clean plain weave fabric', 'Poly mesh back with stiff mesh', 'Six panel structured mid crown and six rows of stitching on the brim', 'Snapback closure with Life is Good label on the back', 'Embroidered twill patch']","['https://d3o2e4jr3mxnm3.cloudfront.net/Stay-True-Star-Patch-Hard-Mesh-Back-Cap_54221_1_sm.png', 'https://d3o2e4jr3mxnm3.cloudfront.net/Stay-True-Star-Patch-Hard-Mesh-Back-Cap_54221_2_sm.png']",55,all,1,https://www.lifeisgood.com/accessories/hats/stay-true-star-patch-hard-mesh-back-cap-54221.html?dwvar_54221_color=BK001&cgid=accessories-hats
Palm Coin LIG Patch Soft Mesh Back Cap,54216-OS,$26.00,$0,Vintage Blue,['One Size'],"['Life is good with this Soft Mesh Back Chill Cap! Its fabric and garment washed, featuring artwork up front and a snap back.', '100% Cotton Twill', 'Fabric and garment washed for softness ', 'Soft mesh', 'Snap back and label on the back', 'Six panel unstructured low-mid crown with four rows of stitching on the brim', 'Embroidered twill patch']","['https://d3o2e4jr3mxnm3.cloudfront.net/Palm-Coin-LIG-Patch-Soft-Mesh-Back-Cap_54216_1_sm.png', 'https://d3o2e4jr3mxnm3.cloudfront.net/Palm-Coin-LIG-Patch-Soft-Mesh-Back-Cap_54216_2_sm.png']",56,all,1,https://www.lifeisgood.com/accessories/hats/palm-coin-lig-patch-soft-mesh-back-cap-54216.html?dwvar_54216_color=09826&cgid=accessories-hats
Kids Print Pattern Heart Chill Cap ,51598,$16.00,$0,Cool Aqua,"['S', 'M/L']","['This ones for the kids. Our Chill Cap features embroidered artwork and an adjustable back closure.', '100% Cotton Twill', 'Fabric and garment washed', 'Adjustable back closure']","['https://d3o2e4jr3mxnm3.cloudfront.net/Kids-Print-Pattern-Heart-Chill-Cap-_51598_1_sm.png', 'https://d3o2e4jr3mxnm3.cloudfront.net/Kids-Print-Pattern-Heart-Chill-Cap-_51598_2_sm.png']",57,all,1,https://www.lifeisgood.com/accessories/hats/kids-print-pattern-heart-chill-cap--51598.html?dwvar_51598_color=04535&cgid=accessories-hats
Power Patch Hard Mesh Back Cap,53308-OS,$26.00,$0,Wild Cherry,['One Size'],"['Instant chill-out. This Mesh Back cap comes with an adjustable snap back for that just-right fit.', '100% Cotton Plain Weave', 'Crisp and clean plain weave fabric', 'Poly mesh back with stiff mesh', 'Six panel structured mid crown and six rows of stitching on the brim', 'Snapback closure with Life is Good label on the back', 'Embroidered twill patch']","['https://d3o2e4jr3mxnm3.cloudfront.net/Power-Patch-Hard-Mesh-Back-Cap_53308_1_sm.png', 'https://d3o2e4jr3mxnm3.cloudfront.net/Power-Patch-Hard-Mesh-Back-Cap_53308_2_sm.png']",58,all,1,https://www.lifeisgood.com/accessories/hats/power-patch-hard-mesh-back-cap-53308.html?dwvar_53308_color=RD001&cgid=accessories-hats
LIG Shamrock Soft Mesh Back Cap,54179-OS,$26.00,$0,Forest Green,['One Size'],"['Life is good with this Soft Mesh Back Chill Cap! Its fabric and garment washed, featuring artwork up front and a snap back.', '100% Cotton Twill', 'Fabric and garment washed for softness ', 'Soft mesh', 'Snap back and label on the back', 'Six panel unstructured low-mid crown with four rows of stitching on the brim', 'Embroidered graphic']","['https://d3o2e4jr3mxnm3.cloudfront.net/LIG-Shamrock-Soft-Mesh-Back-Cap_54179_1_sm.png', 'https://d3o2e4jr3mxnm3.cloudfront.net/LIG-Shamrock-Soft-Mesh-Back-Cap_54179_2_sm.png']",59,all,1,https://www.lifeisgood.com/accessories/hats/lig-shamrock-soft-mesh-back-cap-54179.html?dwvar_54179_color=FRSGR&cgid=accessories-hats
Sunset Creek Patch Soft Mesh Back Cap,54218-OS,$26.00,$0,Night Black,['One Size'],"['Life is good with this Soft Mesh Back Chill Cap! Its fabric and garment washed, featuring artwork up front and a snap back.', '100% Cotton Twill', 'Fabric and garment washed for softness ', 'Soft mesh', 'Snap back and label on the back', 'Six panel unstructured low-mid crown with four rows of stitching on the brim', 'Embroidered graphic']","['https://d3o2e4jr3mxnm3.cloudfront.net/Sunset-Creek-Patch-Soft-Mesh-Back-Cap_54218_1_sm.png', 'https://d3o2e4jr3mxnm3.cloudfront.net/Sunset-Creek-Patch-Soft-Mesh-Back-Cap_54218_2_sm.png']",60,all,1,https://www.lifeisgood.com/accessories/hats/sunset-creek-patch-soft-mesh-back-cap-54218.html?dwvar_54218_color=BK001&cgid=accessories-hats
Grateful Dude Soft Mesh Back Cap,54177-OS,$26.00,$0,Slate Gray,['One Size'],"['Life is good with this Soft Mesh Back Chill Cap! Its fabric and garment washed, featuring artwork up front and a snap back.', '100% Cotton Twill', 'Fabric and garment washed for softness ', 'Soft mesh', 'Snap back and label on the back', 'Six panel unstructured low-mid crown with four rows of stitching on the brim', 'Embroidered graphic', 'Life is Good on the brim']","['https://d3o2e4jr3mxnm3.cloudfront.net/Grateful-Dude-Soft-Mesh-Back-Cap_54177_1_sm.png', 'https://d3o2e4jr3mxnm3.cloudfront.net/Grateful-Dude-Soft-Mesh-Back-Cap_54177_2_sm.png']",61,all,1,https://www.lifeisgood.com/accessories/hats/grateful-dude-soft-mesh-back-cap-54177.html?dwvar_54177_color=04518&cgid=accessories-hats
Guitar Truck Patch Soft Mesh Back Cap,53312-OS,$26.00,$0,Vintage Blue,['One Size'],"['Life is good with this Soft Mesh Back Chill Cap! Its fabric and garment washed, featuring artwork up front and a snap back.', '100% Cotton Twill', 'Fabric and garment washed for softness ', 'Soft mesh', 'Snap back and label on the back', 'Six panel unstructured low-mid crown with four rows of stitching on the brim', 'Faux leather patch']","['https://d3o2e4jr3mxnm3.cloudfront.net/Guitar-Truck-Patch-Soft-Mesh-Back-Cap_53312_1_sm.png', 'https://d3o2e4jr3mxnm3.cloudfront.net/Guitar-Truck-Patch-Soft-Mesh-Back-Cap_53312_2_sm.png']",62,all,1,https://www.lifeisgood.com/accessories/hats/guitar-truck-patch-soft-mesh-back-cap-53312.html?dwvar_53312_color=09826&cgid=accessories-hats
LIG Simple Coin Patch Hard Mesh Back Cap,53309-OS,$26.00,$0,Darkest Blue,['One Size'],"['Instant chill-out. This Mesh Back cap comes with an adjustable snap back for that just-right fit.', '100% Cotton Plain Weave', 'Crisp and clean plain weave fabric', 'Poly mesh back with stiff mesh', 'Six panel structured mid crown and six rows of stitching on the brim', 'Snapback closure with Life is Good label on the back', 'Embroidered twill patch']","['https://d3o2e4jr3mxnm3.cloudfront.net/LIG-Simple-Coin-Patch-Hard-Mesh-Back-Cap_53309_1_sm.png', 'https://d3o2e4jr3mxnm3.cloudfront.net/LIG-Simple-Coin-Patch-Hard-Mesh-Back-Cap_53309_2_sm.png']",63,all,1,https://www.lifeisgood.com/accessories/hats/lig-simple-coin-patch-hard-mesh-back-cap-53309.html?dwvar_53309_color=DRKSB&cgid=accessories-hats
Pine Tree Patch Soft Mesh Back Cap,54219-OS,$26.00,$0,Darkest Blue,['One Size'],"['Life is good with this Soft Mesh Back Chill Cap! Its fabric and garment washed, featuring artwork up front and a snap back.', '100% Cotton Twill', 'Fabric and garment washed for softness ', 'Soft mesh', 'Snap back and label on the back', 'Six panel unstructured low-mid crown with four rows of stitching on the brim', 'Embroidered twill patch']","['https://d3o2e4jr3mxnm3.cloudfront.net/Pine-Tree-Patch-Soft-Mesh-Back-Cap_54219_1_sm.png', 'https://d3o2e4jr3mxnm3.cloudfront.net/Pine-Tree-Patch-Soft-Mesh-Back-Cap_54219_2_sm.png']",64,all,1,https://www.lifeisgood.com/accessories/hats/pine-tree-patch-soft-mesh-back-cap-54219.html?dwvar_54219_color=DRKSB&cgid=accessories-hats
Flag Soft Mesh Back Cap,54178-OS,$26.00,$0,Pop Pink,['One Size'],"['Life is good with this Soft Mesh Back Chill Cap! Its fabric and garment washed, featuring artwork up front and a snap back.', '100% Cotton Twill', 'Fabric and garment washed for softness ', 'Soft mesh', 'Snap back and label on the back', 'Six panel unstructured low-mid crown with four rows of stitching on the brim', 'Embroidered twill patch', 'Life is Good on the brim']","['https://d3o2e4jr3mxnm3.cloudfront.net/Flag-Soft-Mesh-Back-Cap_54178_1_sm.png', 'https://d3o2e4jr3mxnm3.cloudfront.net/Flag-Soft-Mesh-Back-Cap_54178_2_sm.png']",65,all,1,https://www.lifeisgood.com/accessories/hats/flag-soft-mesh-back-cap-54178.html?dwvar_54178_color=08247&cgid=accessories-hats
LIG Heart Vibes Soft Mesh Back Cap,54175-OS,$26.00,$0,Night Black,['One Size'],"['Life is good with this Soft Mesh Back Chill Cap! Its fabric and garment washed, featuring artwork up front and a snap back.', '100% Cotton Twill', 'Fabric and garment washed for softness ', 'Soft mesh', 'Snap back and label on the back', 'Six panel unstructured low-mid crown with four rows of stitching on the brim', 'Embroidered graphic']","['https://d3o2e4jr3mxnm3.cloudfront.net/LIG-Heart-Vibes-Soft-Mesh-Back-Cap_54175_1_sm.png', 'https://d3o2e4jr3mxnm3.cloudfront.net/LIG-Heart-Vibes-Soft-Mesh-Back-Cap_54175_2_sm.png']",66,all,1,https://www.lifeisgood.com/accessories/hats/lig-heart-vibes-soft-mesh-back-cap-54175.html?dwvar_54175_color=BK001&cgid=accessories-hats
Sun Sea LIG Patch Soft Mesh Back Cap,54217-OS,$26.00,$0,Pop Pink,['One Size'],"['Life is good with this Soft Mesh Back Chill Cap! Its fabric and garment washed, featuring artwork up front and a snap back.', '100% Cotton Twill', 'Fabric and garment washed for softness ', 'Soft mesh', 'Snap back and label on the back', 'Six panel unstructured low-mid crown with four rows of stitching on the brim', 'Embroidered felt patch']","['https://d3o2e4jr3mxnm3.cloudfront.net/Sun-Sea-LIG-Patch-Soft-Mesh-Back-Cap_54217_1_sm.png', 'https://d3o2e4jr3mxnm3.cloudfront.net/Sun-Sea-LIG-Patch-Soft-Mesh-Back-Cap_54217_2_sm.png']",67,all,1,https://www.lifeisgood.com/accessories/hats/sun-sea-lig-patch-soft-mesh-back-cap-54217.html?dwvar_54217_color=08247&cgid=accessories-hats
LIG Simple Coin Patch Soft Mesh Back Cap,54176-OS,$26.00,$0,Wild Cherry,['One Size'],"['Life is good with this Soft Mesh Back Chill Cap! Its fabric and garment washed, featuring artwork up front and a snap back.', '100% Cotton Twill', 'Fabric and garment washed for softness ', 'Soft mesh', 'Snap back and label on the back', 'Six panel unstructured low-mid crown with four rows of stitching on the brim', 'Twill patch']","['https://d3o2e4jr3mxnm3.cloudfront.net/LIG-Simple-Coin-Patch-Soft-Mesh-Back-Cap_54176_1_sm.png', 'https://d3o2e4jr3mxnm3.cloudfront.net/LIG-Simple-Coin-Patch-Soft-Mesh-Back-Cap_54176_2_sm.png']",68,all,1,https://www.lifeisgood.com/accessories/hats/lig-simple-coin-patch-soft-mesh-back-cap-54176.html?dwvar_54176_color=RD001&cgid=accessories-hats
Sketched Sun Chill Cap,51589-OS,$22.00,$0,Vintage Blue,['One Size'],"[""Some hats you wear more than others - this is one of those hats. With artwork on the front in various applications, this is one you'll keep coming back to."", '100% Cotton Twill', 'Fabric and garment washed for softness', 'Six Panel with unstructured low-mid crown and six rows of stitching', 'Life is Good label on the back', 'Adjustable back closure with snap', 'Embroidered graphic', 'Life is Good on the brim']","['https://d3o2e4jr3mxnm3.cloudfront.net/Sketched-Sun-Chill-Cap_51589_1_sm.png', 'https://d3o2e4jr3mxnm3.cloudfront.net/Sketched-Sun-Chill-Cap_51589_2_sm.png']",69,all,1,https://www.lifeisgood.com/accessories/hats/sketched-sun-chill-cap-51589.html?dwvar_51589_color=09826&cgid=accessories-hats
LiG Sphere Golf Hat ,52870-OS,$22.00,$0,Bone,['One Size'],"[""Some hats you wear more than others - this is one of those hats. With artwork on the front in various applications, this is one you'll keep coming back to."", '100% Cotton Twill', 'Fabric and garment washed for softness', 'Six Panel with unstructured low-mid crown and six rows of stitching', 'Life is Good label on the back', 'Adjustable back closure with snap', 'Embroidered graphic']","['https://d3o2e4jr3mxnm3.cloudfront.net/LiG-Sphere-Golf-Hat_52870_1_sm.png', 'https://d3o2e4jr3mxnm3.cloudfront.net/LiG-Sphere-Golf-Hat_52870_2_sm.png']",70,all,1,https://www.lifeisgood.com/accessories/hats/lig-sphere-golf-hat--52870.html?dwvar_52870_color=BONE&cgid=accessories-hats
Fish Stitch Sunwashed Chill Cap,51602-OS,$26.00,$0,Night Black,['One Size'],"['Sun-washed for a naturally faded look, this laidback style has endless summers ahead of it, with intentional discoloration and grinding at the brim and seams.', '100% Cotton Twill', 'Sun washed for intentional discoloration and faded appearance', 'Grinding gives a worn look on the bill and at the seams', 'Heavy top stitching and Life is Good label in the back', 'Six panel unstructured low-mid crown and four rows of stitching on the brim']","['https://d3o2e4jr3mxnm3.cloudfront.net/Fish-Stitch-Sunwashed-Chill-Cap_51602_1_sm.png', 'https://d3o2e4jr3mxnm3.cloudfront.net/Fish-Stitch-Sunwashed-Chill-Cap_51602_2_sm.png']",71,all,1,https://www.lifeisgood.com/accessories/hats/fish-stitch-sunwashed-chill-cap-51602.html?dwvar_51602_color=BK001&cgid=accessories-hats
Flip Flop Scene Sunwashed Chill Cap,51606-OS,$26.00,$0,Bone,['One Size'],"['Sun-washed for a naturally faded look, this laidback style has endless summers ahead of it, with intentional discoloration and grinding at the brim and seams.', '100% Cotton Twill', 'Sun washed for intentional discoloration and faded appearance', 'Grinding gives a worn look on the bill and at the seams', 'Heavy top stitching and Life is Good label in the back', 'Six panel unstructured low-mid crown and four rows of stitching on the brim', 'Embroidered graphic', 'Life is Good on the brim']","['https://d3o2e4jr3mxnm3.cloudfront.net/Flip-Flop-Scene-Sunwashed-Chill-Cap_51606_1_sm.png', 'https://d3o2e4jr3mxnm3.cloudfront.net/Flip-Flop-Scene-Sunwashed-Chill-Cap_51606_2_sm.png']",72,all,1,https://www.lifeisgood.com/accessories/hats/flip-flop-scene-sunwashed-chill-cap-51606.html?dwvar_51606_color=BONE&cgid=accessories-hats
Clover Tattered Chill Cap,51621-OS,$24.00,$0,Slate Gray,['One Size'],"[""Some hats you wear more than others - this is one of those hats. With an embroidered tattered graphic on the front, this is one you'll keep coming back to."", '100% Cotton Twill', 'Fabric and garment washed for softness', 'Six Panel unstructured low-mid crown with four rows of stitching on the brim', 'Life is Good label on the back', 'Adjustable back closure with snap', 'Twill  tattered patch', 'Life is Good on the brim']","['https://d3o2e4jr3mxnm3.cloudfront.net/Clover-Tattered-Chill-Cap_51621_1_sm.png', 'https://d3o2e4jr3mxnm3.cloudfront.net/Clover-Tattered-Chill-Cap_51621_2_sm.png']",73,all,1,https://www.lifeisgood.com/accessories/hats/clover-tattered-chill-cap-51621.html?dwvar_51621_color=04518&cgid=accessories-hats
Airstream Chill Cap,54743-OS,$22.00,$0,Bone,['One Size'],"['Some hats you wear more than others - this is one of those hats. With art work on the front and adjustable closure on the back, this is one you´ll keep coming back to.', '100% Cotton Twill', 'Fabric and garment washed for softness', 'Felt patch: 51612 51614 Twill patch: 51613 51615', 'Life is Good label on the back', 'Adjustable compression buckle on the back']","['https://d3o2e4jr3mxnm3.cloudfront.net/Airstream-Chill-Cap_54743_1_sm.png', 'https://d3o2e4jr3mxnm3.cloudfront.net/Airstream-Chill-Cap_54743_2_sm.png']",74,all,1,https://www.lifeisgood.com/accessories/hats/airstream-chill-cap-54743.html?dwvar_54743_color=BONE&cgid=accessories-hats
Flag Tattered Chill Cap,51627-OS,$24.00,$0,Vintage Blue,['One Size'],"[""Some hats you wear more than others - this is one of those hats. With an embroidered tattered graphic on the front, this is one you'll keep coming back to."", '100% Cotton Twill', 'Fabric and garment washed for softness', 'Six Panel unstructured low-mid crown with four rows of stitching on the brim', 'Life is Good label on the back', 'Adjustable back closure with snap']","['https://d3o2e4jr3mxnm3.cloudfront.net/Flag-Tattered-Chill-Cap_51627_1_sm.png', 'https://d3o2e4jr3mxnm3.cloudfront.net/Flag-Tattered-Chill-Cap_51627_2_sm.png']",75,all,1,https://www.lifeisgood.com/accessories/hats/flag-tattered-chill-cap-51627.html?dwvar_51627_color=09826&cgid=accessories-hats
Seas The Day Anchor Sunwashed Chill Cap,51608-OS,$26.00,$0,Darkest Blue,['One Size'],"['Sun-washed for a naturally faded look, this laidback style has endless summers ahead of it, with intentional discoloration and grinding at the brim and seams.', '100% Cotton Twill', 'Sun washed for intentional discoloration and faded appearance', 'Grinding gives a worn look on the bill and at the seams', 'Heavy top stitching and Life is Good label in the back', 'Six panel unstructured low-mid crown and four rows of stitching on the brim']","['https://d3o2e4jr3mxnm3.cloudfront.net/Seas-The-Day-Anchor-Sunwashed-Chill-Cap_51608_1_sm.png', 'https://d3o2e4jr3mxnm3.cloudfront.net/Seas-The-Day-Anchor-Sunwashed-Chill-Cap_51608_2_sm.png']",76,all,1,https://www.lifeisgood.com/accessories/hats/seas-the-day-anchor-sunwashed-chill-cap-51608.html?dwvar_51608_color=DRKSB&cgid=accessories-hats
Dog Flag Tattered Chill Cap,51624-OS,$24.00,$0,Bone,['One Size'],"[""Some hats you wear more than others - this is one of those hats. With an embroidered tattered graphic on the front, this is one you'll keep coming back to."", '100% Cotton Twill', 'Fabric and garment washed for softness', 'Six Panel unstructured low-mid crown with four rows of stitching on the brim', 'Life is Good label on the back', 'Adjustable back closure with snap']","['https://d3o2e4jr3mxnm3.cloudfront.net/Dog-Flag-Tatted-Chill-Cap-_51624_1_sm.png', 'https://d3o2e4jr3mxnm3.cloudfront.net/Dog-Flag-Tatted-Chill-Cap-_51624_2_sm.png']",77,all,1,https://www.lifeisgood.com/accessories/hats/dog-flag-tattered-chill-cap-51624.html?dwvar_51624_color=BONE&cgid=accessories-hats
Heart Flag Sunwashed Chill Cap,51610-OS,$26.00,$0,Slate Gray,['One Size'],"['Sun-washed for a naturally faded look, this laidback style has endless summers ahead of it, with intentional discoloration and grinding at the brim and seams.', '100% Cotton Twill', 'Sun washed for intentional discoloration and faded appearance', 'Grinding gives a worn look on the bill and at the seams', 'Heavy top stitching and Life is Good label in the back', 'Six panel unstructured low-mid crown and four rows of stitching on the brim', 'Chain stitch embroidery', 'Life is Good on the brim']","['https://d3o2e4jr3mxnm3.cloudfront.net/Heart-Flag-Sunwashed-Chill-Cap_51610_1_sm.png', 'https://d3o2e4jr3mxnm3.cloudfront.net/Heart-Flag-Sunwashed-Chill-Cap_51610_2_sm.png']",78,all,1,https://www.lifeisgood.com/accessories/hats/heart-flag-sunwashed-chill-cap-51610.html?dwvar_51610_color=04518&cgid=accessories-hats
Ballyard Script Tattered Chill Cap,51623-OS,$24.00,$0,Darkest Blue,['One Size'],"[""Some hats you wear more than others - this is one of those hats. With an embroidered tattered graphic on the front, this is one you'll keep coming back to."", '100% Cotton Twill', 'Fabric and garment washed for softness', 'Six Panel unstructured low-mid crown with four rows of stitching on the brim', 'Life is Good label on the back', 'Adjustable back closure with snap', 'Embroidered tattered patch']","['https://d3o2e4jr3mxnm3.cloudfront.net/Ballyard-Script-Tattered-Chill-Cap_51623_1_sm.png', 'https://d3o2e4jr3mxnm3.cloudfront.net/Ballyard-Script-Tattered-Chill-Cap_51623_2_sm.png']",79,all,1,https://www.lifeisgood.com/accessories/hats/ballyard-script-tattered-chill-cap-51623.html?dwvar_51623_color=DRKSB&cgid=accessories-hats
LIG Oval Chill Cap,51580-OS,$22.00,$0,Night Black,['One Size'],"[""Some hats you wear more than others - this is one of those hats. With artwork on the front in various applications, this is one you'll keep coming back to."", '100% Cotton Twill', 'Fabric and garment washed for softness', 'Six Panel with unstructured low-mid crown and six rows of stitching', 'Life is Good label on the back', 'Adjustable back closure with snap', 'Twill Patch']","['https://d3o2e4jr3mxnm3.cloudfront.net/LIG-Oval-Chill-Cap_51580_1_sm.png', 'https://d3o2e4jr3mxnm3.cloudfront.net/LIG-Oval-Chill-Cap_51580_2_sm.png']",80,all,1,https://www.lifeisgood.com/accessories/hats/lig-oval-chill-cap-51580.html?dwvar_51580_color=BK001&cgid=accessories-hats
Adirondack Chair Chill Cap,51588-OS,$22.00,$0,Darkest Blue,['One Size'],"[""Some hats you wear more than others - this is one of those hats. With artwork on the front in various applications, this is one you'll keep coming back to."", '100% Cotton Twill', 'Fabric and garment washed for softness', 'Six Panel with unstructured low-mid crown and six rows of stitching', 'Life is Good label on the back', 'Adjustable back closure with snap']","['https://d3o2e4jr3mxnm3.cloudfront.net/Adirondack-Chair-Chill-Cap_51588_1_sm.png', 'https://d3o2e4jr3mxnm3.cloudfront.net/Adirondack-Chair-Chill-Cap_51588_2_sm.png']",81,all,1,https://www.lifeisgood.com/accessories/hats/adirondack-chair-chill-cap-51588.html?dwvar_51588_color=DRKSB&cgid=accessories-hats
Evolved LIG Visor,51616-OS,$20.00,$0,Bone,['One Size'],"['Always look at the sunny side of life, while keeping it out of your eyes. This visor features artwork on the front and an adjustable closure in back. Perfect for the beach or the backyard.', '100% Cotton Twill', 'Fabric and garment washed', 'Adjustable closure on the back', 'Life is good label', 'Embroidered graphic']","['https://d3o2e4jr3mxnm3.cloudfront.net/Evolved-LIG-Visor_51616_1_sm.png', 'https://d3o2e4jr3mxnm3.cloudfront.net/Evolved-LIG-Visor_51616_2_sm.png']",82,all,1,https://www.lifeisgood.com/accessories/hats/evolved-lig-visor-51616.html?dwvar_51616_color=BONE&cgid=accessories-hats
Heart Tattered Chill Cap,51626-OS,$24.00,$0,Fresh Coral,['One Size'],"[""Some hats you wear more than others - this is one of those hats. With an embroidered tattered graphic on the front, this is one you'll keep coming back to."", '100% Cotton Twill', 'Fabric and garment washed for softness', 'Six Panel unstructured low-mid crown with four rows of stitching on the brim', 'Life is Good label on the back', 'Adjustable back closure with snap', 'Twill tattered patch', 'Life is Good on the brim']","['https://d3o2e4jr3mxnm3.cloudfront.net/Heart-Tattered-Chill-Cap_51626_1_sm.png', 'https://d3o2e4jr3mxnm3.cloudfront.net/Heart-Tattered-Chill-Cap_51626_2_sm.png']",83,all,1,https://www.lifeisgood.com/accessories/hats/heart-tattered-chill-cap-51626.html?dwvar_51626_color=09832&cgid=accessories-hats
LIG Oval Chill Cap,51582-OS,$22.00,$0,Darkest Blue,['One Size'],"[""Some hats you wear more than others - this is one of those hats. With artwork on the front in various applications, this is one you'll keep coming back to."", '100% Cotton Twill', 'Fabric and garment washed for softness', 'Six Panel with unstructured low-mid crown and six rows of stitching', 'Life is Good label on the back', 'Adjustable back closure with snap', 'Felt Patch']","['https://d3o2e4jr3mxnm3.cloudfront.net/LIG-Oval-Chill-Cap_51582_1_sm.png', 'https://d3o2e4jr3mxnm3.cloudfront.net/LIG-Oval-Chill-Cap_51582_2_sm.png']",84,all,1,https://www.lifeisgood.com/accessories/hats/lig-oval-chill-cap-51582.html?dwvar_51582_color=DRKSB&cgid=accessories-hats
Daisy Tattered Chill Cap,51625-OS,$24.00,$0,Pop Pink,['One Size'],"[""Some hats you wear more than others - this is one of those hats. With an embroidered tattered graphic on the front, this is one you'll keep coming back to."", '100% Cotton Twill', 'Fabric and garment washed for softness', 'Six Panel unstructured low-mid crown with four rows of stitching on the brim', 'Life is Good label on the back', 'Adjustable back closure with snap', 'Twill tattered patch']","['https://d3o2e4jr3mxnm3.cloudfront.net/Daisy-Tattered-Chill-Cap_51625_1_sm.png', 'https://d3o2e4jr3mxnm3.cloudfront.net/Daisy-Tattered-Chill-Cap_51625_2_sm.png']",85,all,1,https://www.lifeisgood.com/accessories/hats/daisy-tattered-chill-cap-51625.html?dwvar_51625_color=08247&cgid=accessories-hats
Evolved LIG Visor,51619-OS,$20.00,$0,Darkest Blue,['One Size'],"['Always look at the sunny side of life, while keeping it out of your eyes. This visor features artwork on the front and an adjustable closure in back. Perfect for the beach or the backyard.', '100% Cotton Twill', 'Fabric and garment washed', 'Adjustable closure on the back', 'Life is good label', 'Felt patch']","['https://d3o2e4jr3mxnm3.cloudfront.net/Evolved-LIG-Visor_51619_1_sm.png', 'https://d3o2e4jr3mxnm3.cloudfront.net/Evolved-LIG-Visor_51619_2_sm.png']",86,all,1,https://www.lifeisgood.com/accessories/hats/evolved-lig-visor-51619.html?dwvar_51619_color=DRKSB&cgid=accessories-hats
Jake Face Sunwashed Chill Cap,51609-OS,$26.00,$0,Americana Red,['One Size'],"['Sun-washed for a naturally faded look, this laidback style has endless summers ahead of it, with intentional discoloration and grinding at the brim and seams.', '100% Cotton Twill', 'Sun washed for intentional discoloration and faded appearance', 'Grinding gives a worn look on the bill and at the seams', 'Heavy top stitching and Life is Good label in the back', 'Six panel unstructured low-mid crown and four rows of stitching on the brim']","['https://d3o2e4jr3mxnm3.cloudfront.net/Jake-Face-Sunwashed-Chill-Cap_51609_1_sm.png', 'https://d3o2e4jr3mxnm3.cloudfront.net/Jake-Face-Sunwashed-Chill-Cap_51609_2_sm.png']",87,all,1,https://www.lifeisgood.com/accessories/hats/jake-face-sunwashed-chill-cap-51609.html?dwvar_51609_color=08317&cgid=accessories-hats
LIG Heart Radiate Sunwashed Chill Cap,51604-OS,$26.00,$0,Cool Aqua,['One Size'],"['Sun-washed for a naturally faded look, this laidback style has endless summers ahead of it, with intentional discoloration and grinding at the brim and seams.', '100% Cotton Twill', 'Sun washed for intentional discoloration and faded appearance', 'Grinding gives a worn look on the bill and at the seams', 'Heavy top stitching and Life is Good label in the back', 'Six panel unstructured low-mid crown and four rows of stitching on the brim']","['https://d3o2e4jr3mxnm3.cloudfront.net/LIG-Heart-Radiate-Sunwashed-Chill-Cap_51604_1_sm.png', 'https://d3o2e4jr3mxnm3.cloudfront.net/LIG-Heart-Radiate-Sunwashed-Chill-Cap_51604_2_sm.png']",88,all,1,https://www.lifeisgood.com/accessories/hats/lig-heart-radiate-sunwashed-chill-cap-51604.html?dwvar_51604_color=04535&cgid=accessories-hats
Sketched Daisy Chill Cap,51591-OS,$22.00,$0,Cool Aqua,['One Size'],"[""Some hats you wear more than others - this is one of those hats. With artwork on the front in various applications, this is one you'll keep coming back to."", '100% Cotton Twill', 'Fabric and garment washed for softness', 'Six Panel with unstructured low-mid crown and six rows of stitching', 'Life is Good label on the back', 'Adjustable back closure with snap']","['https://d3o2e4jr3mxnm3.cloudfront.net/Sketched-Daisy-Chill-Cap_51591_1_sm.png', 'https://d3o2e4jr3mxnm3.cloudfront.net/Sketched-Daisy-Chill-Cap_51591_2_sm.png']",89,all,1,https://www.lifeisgood.com/accessories/hats/sketched-daisy-chill-cap-51591.html?dwvar_51591_color=04535&cgid=accessories-hats
Flip Flops Sunwashed Chill Cap,54819-OS,$26.00,$0,Cool Aqua,['One Size'],"['Sun-washed for a naturally faded look, this laidback style has endless summers ahead of it, with intentional discoloration and grinding at the brim and seams.', '100% Cotton Twill', 'Sun washed for intentional discoloration and faded appearance', 'Grinding gives a worn look on the bill and at the seams', 'Heavy top stitching and Life is Good label in the back', 'Six panel unstructured low-mid crown and four rows of stitching on the brim']","['https://d3o2e4jr3mxnm3.cloudfront.net/Flip-Flops-Sunwashed-Chill-Cap_54819_1_sm.png', 'https://d3o2e4jr3mxnm3.cloudfront.net/Flip-Flops-Sunwashed-Chill-Cap_54819_2_sm.png']",90,all,1,https://www.lifeisgood.com/accessories/hats/flip-flops-sunwashed-chill-cap-54819.html?dwvar_54819_color=04535&cgid=accessories-hats
Palm Wave Flag Sunwashed Chill Cap,51603-OS,$26.00,$0,Darkest Blue,['One Size'],"['Sun-washed for a naturally faded look, this laidback style has endless summers ahead of it, with intentional discoloration and grinding at the brim and seams.', '100% Cotton Twill', 'Sun washed for intentional discoloration and faded appearance', 'Grinding gives a worn look on the bill and at the seams', 'Heavy top stitching and Life is Good label in the back', 'Six panel unstructured low-mid crown and four rows of stitching on the brim']","['https://d3o2e4jr3mxnm3.cloudfront.net/Palm-Wave-Flag-Sunwashed-Chill-Cap_51603_1_sm.png', 'https://d3o2e4jr3mxnm3.cloudfront.net/Palm-Wave-Flag-Sunwashed-Chill-Cap_51603_2_sm.png']",91,all,1,https://www.lifeisgood.com/accessories/hats/palm-wave-flag-sunwashed-chill-cap-51603.html?dwvar_51603_color=DRKSB&cgid=accessories-hats
Heart Visor,51617-OS,$20.00,$0,Pop Pink,['One Size'],"['Always look at the sunny side of life, while keeping it out of your eyes. This visor features artwork on the front and an adjustable closure in back. Perfect for the beach or the backyard.', '100% Cotton Twill', 'Fabric and garment washed', 'Adjustable closure on the back', 'Life is good label']","['https://d3o2e4jr3mxnm3.cloudfront.net/Heart-Visor_51617_1_sm.png', 'https://d3o2e4jr3mxnm3.cloudfront.net/Heart-Visor_51617_2_sm.png']",92,all,1,https://www.lifeisgood.com/accessories/hats/heart-visor-51617.html?dwvar_51617_color=08247&cgid=accessories-hats
Sketched Bike Chill Cap,51584-OS,$22.00,$0,Night Black,['One Size'],"[""Some hats you wear more than others - this is one of those hats. With artwork on the front in various applications, this is one you'll keep coming back to."", '100% Cotton Twill', 'Fabric and garment washed for softness', 'Six Panel with unstructured low-mid crown and six rows of stitching', 'Life is Good label on the back', 'Adjustable back closure with snap']","['https://d3o2e4jr3mxnm3.cloudfront.net/Sketched-Bike-Chill-Cap_51584_1_sm.png', 'https://d3o2e4jr3mxnm3.cloudfront.net/Sketched-Bike-Chill-Cap_51584_2_sm.png']",93,all,1,https://www.lifeisgood.com/accessories/hats/sketched-bike-chill-cap-51584.html?dwvar_51584_color=BK001&cgid=accessories-hats
Sun LiG Happy Headband,52519-OS,$16.00,$0,Night Black,['One Size'],"['A little whimsy is a good thing. Seamless wide headband in solid or allover print. Perfect for yoga, workouts, or just hanging out. Covered elasticized back adjusts to your head.', '95% Cotton 5% Spandex', 'Embroidered Life is Good on the side', 'Cinched back', 'Imported']","['https://d3o2e4jr3mxnm3.cloudfront.net/Sun-LiG-Hat_52519_1_sm.png', 'https://d3o2e4jr3mxnm3.cloudfront.net/Sun-LiG-Hat_52519_2_sm.png']",94,all,1,https://www.lifeisgood.com/accessories/headbands/sun-lig-happy-headband-52519.html?dwvar_52519_color=BK001&cgid=accessories-hats
Heart LiG Happy Headband,52518-OS,$16.00,$0,Heather Gray,['One Size'],"['A little whimsy is a good thing. Seamless wide headband in solid or allover print. Perfect for yoga, workouts, or just hanging out. Covered elasticized back adjusts to your head. Wear it skinny, wide, you decide.', '95% Cotton 5% Spandex', 'Embroidered Life is Good on the side', 'Cinched back']","['https://d3o2e4jr3mxnm3.cloudfront.net/Heart-LiG-Hat_52518_1_sm.png', 'https://d3o2e4jr3mxnm3.cloudfront.net/Heart-LiG-Hat_52518_2_sm.png']",95,all,1,https://www.lifeisgood.com/accessories/hats/heart-lig-happy-headband-52518.html?dwvar_52518_color=HTRGR&cgid=accessories-hats
All Over Stars Happy Headband,52678-OS,$16.00,$0,Darkest Blue,['One Size'],"['A little whimsy is a good thing. Seamless wide headband in solid or allover print. Perfect for yoga, workouts, or just hanging out. Covered elasticized back adjusts to your head. Wear it skinny, wide, you decide.', '95% Cotton 5% Spandex', 'Embroidered Life is Good on the side', 'Cinched back']","['https://d3o2e4jr3mxnm3.cloudfront.net/All-Over-Stars-Hat_52678_1_sm.png', 'https://d3o2e4jr3mxnm3.cloudfront.net/All-Over-Stars-Hat_52678_2_sm.png']",96,all,1,https://www.lifeisgood.com/accessories/hats/all-over-stars-happy-headband-52678.html?dwvar_52678_color=DRKSB&cgid=accessories-hats
Lotus LiG Happy Headband,52517-OS,$16.00,$0,Fiesta Pink,['One Size'],"['A little whimsy is a good thing. Seamless wide headband in solid or allover print. Perfect for yoga, workouts, or just hanging out. Covered elasticized back adjusts to your head. Wear it skinny, wide, you decide.', '95% Cotton 5% Spandex', 'Embroidered Life is Good on the side', 'Cinched back']","['https://d3o2e4jr3mxnm3.cloudfront.net/Lotus-LiG-Hat_52517_1_sm.png', 'https://d3o2e4jr3mxnm3.cloudfront.net/Lotus-LiG-Hat_52517_2_sm.png']",97,all,1,https://www.lifeisgood.com/accessories/hats/lotus-lig-happy-headband-52517.html?dwvar_52517_color=11884&cgid=accessories-hats
Butterfly LIG Happy Headband,53292-OS,$16.00,$0,Darkest Blue,['One Size'],"['A little whimsy is a good thing. Seamless wide headband in solid or allover print. Perfect for yoga, workouts, or just hanging out. Covered elasticized back adjusts to your head. Wear it skinny, wide, you decide.', '95% Cotton 5% Spandex', 'Embroidered Life is Good on the side', 'Cinched back']","['https://d3o2e4jr3mxnm3.cloudfront.net/Butterfly-LIG-Happy-Headband_53292_1_sm.png', 'https://d3o2e4jr3mxnm3.cloudfront.net/Butterfly-LIG-Happy-Headband_53292_2_sm.png']",98,all,1,https://www.lifeisgood.com/accessories/hats/butterfly-lig-happy-headband-53292.html?dwvar_53292_color=DRKSB&cgid=accessories-hats
Starry LIG Happy Headband,53293-OS,$16.00,$0,Powder Blue,['One Size'],"['A little whimsy is a good thing. Seamless wide headband in solid or allover print. Perfect for yoga, workouts, or just hanging out. Covered elasticized back adjusts to your head. Wear it skinny, wide, you decide.', '95% Cotton 5% Spandex', 'Embroidered Life is Good on the side', 'Cinched back']","['https://d3o2e4jr3mxnm3.cloudfront.net/Starry-LIG-Happy-Headband_53293_1_sm.png', 'https://d3o2e4jr3mxnm3.cloudfront.net/Starry-LIG-Happy-Headband_53293_2_sm.png']",99,all,1,https://www.lifeisgood.com/accessories/hats/starry-lig-happy-headband-53293.html?dwvar_53293_color=11892&cgid=accessories-hats
