goods_name,goods_model,goods_price,goods_discount_price,goods_color,goods_size,goods_details,goods_images,goods_num,gender,goods_page,goods_url
Leary Bucket Hat,leary-bucket-hat-225-black,$50.00,$0,Black,"['S/M', 'L/XL']","['Standard fit bucket hat with an embroidered design and downward facing brim.', 'Embroidered eyelets', 'Crown liner ', '100% Cotton', 'Imported']","['https://d2xe6rib7hqydz.cloudfront.net/store/media/catalog/product/cache/1/image/9df78eab33525d08d6e5fb8d27136e95/1/3/132924_BLAC_1.jpg', 'https://d2xe6rib7hqydz.cloudfront.net/store/media/catalog/product/cache/1/image/9df78eab33525d08d6e5fb8d27136e95/1/3/132924_BLAC_2.jpg']",1,all,1,https://www.stussy.com/us/leary-bucket-hat?color_hat=225
Leary Bucket Hat,leary-bucket-hat-287-orange,$50.00,$0,Orange,"['S/M', 'L/XL']","['Standard fit bucket hat with an embroidered design and downward facing brim.', 'Embroidered eyelets', 'Crown liner ', '100% Cotton', 'Imported']","['https://d2xe6rib7hqydz.cloudfront.net/store/media/catalog/product/cache/1/image/9df78eab33525d08d6e5fb8d27136e95/1/3/132924_ORAN_1.jpg', 'https://d2xe6rib7hqydz.cloudfront.net/store/media/catalog/product/cache/1/image/9df78eab33525d08d6e5fb8d27136e95/1/3/132924_ORAN_2.jpg']",1,all,1,https://www.stussy.com/us/leary-bucket-hat?color_hat=225
Suiting Low Pro Cap,suiting-low-pro-cap-117513-238-charcoal,$40.00,$0,Charcoal,['all'],"['Low profile structured 6 panel cap with an embroidered logo.', 'Curved Bill', 'Adjustable strapback closure', '49% Rayon/ 42% Polyester/ 6% Nylon /3% Elastane', 'Imported', 'One size fits most']","['https://d2xe6rib7hqydz.cloudfront.net/store/media/catalog/product/cache/1/image/9df78eab33525d08d6e5fb8d27136e95/1/3/131884_CHAR_1.jpg', 'https://d2xe6rib7hqydz.cloudfront.net/store/media/catalog/product/cache/1/image/9df78eab33525d08d6e5fb8d27136e95/1/3/131884_CHAR_2.jpg']",2,all,1,https://www.stussy.com/us/suiting-low-pro-cap-117513?color_hat=287
Suiting Low Pro Cap,suiting-low-pro-cap-117513-260-green,$40.00,$0,Green,['all'],"['Low profile structured 6 panel cap with an embroidered logo.', 'Curved Bill', 'Adjustable strapback closure', '49% Rayon/ 42% Polyester/ 6% Nylon /3% Elastane', 'Imported', 'One size fits most']","['https://d2xe6rib7hqydz.cloudfront.net/store/media/catalog/product/cache/1/image/9df78eab33525d08d6e5fb8d27136e95/1/3/131884_GREN_1.jpg', 'https://d2xe6rib7hqydz.cloudfront.net/store/media/catalog/product/cache/1/image/9df78eab33525d08d6e5fb8d27136e95/1/3/131884_GREN_2.jpg']",2,all,1,https://www.stussy.com/us/suiting-low-pro-cap-117513?color_hat=287
Suiting Low Pro Cap,suiting-low-pro-cap-117513-287-orange,$40.00,$0,Orange,['all'],"['Low profile structured 6 panel cap with an embroidered logo.', 'Curved Bill', 'Adjustable strapback closure', '49% Rayon/ 42% Polyester/ 6% Nylon /3% Elastane', 'Imported', 'One size fits most']","['https://d2xe6rib7hqydz.cloudfront.net/store/media/catalog/product/cache/1/image/9df78eab33525d08d6e5fb8d27136e95/1/3/131884_ORAN_1.jpg', 'https://d2xe6rib7hqydz.cloudfront.net/store/media/catalog/product/cache/1/image/9df78eab33525d08d6e5fb8d27136e95/1/3/131884_ORAN_2.jpg']",2,all,1,https://www.stussy.com/us/suiting-low-pro-cap-117513?color_hat=287
Washed 2-Tone Strapback,washed-2-tone-strapback-cap-225-black,$40.00,$0,Black,['all'],"['Mid Crown 6 panel silhouette with stitched brim, embroidered logo and eyelets.', 'Adjustable snapback closure', '65% Polyester/ 35% Nylon', 'Imported', 'One size fits most']","['https://d2xe6rib7hqydz.cloudfront.net/store/media/catalog/product/cache/1/image/9df78eab33525d08d6e5fb8d27136e95/1/3/131890_BLAC_1.jpg', 'https://d2xe6rib7hqydz.cloudfront.net/store/media/catalog/product/cache/1/image/9df78eab33525d08d6e5fb8d27136e95/1/3/131890_BLAC_2.jpg']",3,all,1,https://www.stussy.com/us/washed-2-tone-strapback-cap?color_hat=225
Washed 2-Tone Strapback,washed-2-tone-strapback-cap-285-olive,$40.00,$0,Olive,['all'],"['Mid Crown 6 panel silhouette with stitched brim, embroidered logo and eyelets.', 'Adjustable snapback closure', '65% Polyester/ 35% Nylon', 'Imported', 'One size fits most']","['https://d2xe6rib7hqydz.cloudfront.net/store/media/catalog/product/cache/1/image/9df78eab33525d08d6e5fb8d27136e95/1/3/131890_OLIV_1.jpg', 'https://d2xe6rib7hqydz.cloudfront.net/store/media/catalog/product/cache/1/image/9df78eab33525d08d6e5fb8d27136e95/1/3/131890_OLIV_2.jpg']",3,all,1,https://www.stussy.com/us/washed-2-tone-strapback-cap?color_hat=225
Washed 2-Tone Strapback,washed-2-tone-strapback-cap-325-yellow,$40.00,$0,Yellow,['all'],"['Mid Crown 6 panel silhouette with stitched brim, embroidered logo and eyelets.', 'Adjustable snapback closure', '65% Polyester/ 35% Nylon', 'Imported', 'One size fits most']","['https://d2xe6rib7hqydz.cloudfront.net/store/media/catalog/product/cache/1/image/9df78eab33525d08d6e5fb8d27136e95/1/3/131890_YELO_1.jpg', 'https://d2xe6rib7hqydz.cloudfront.net/store/media/catalog/product/cache/1/image/9df78eab33525d08d6e5fb8d27136e95/1/3/131890_YELO_2.jpg']",3,all,1,https://www.stussy.com/us/washed-2-tone-strapback-cap?color_hat=225
Noa Wash Low Pro Cap (Wmns),noa-wash-low-pro-cap-238-charcoal,$35.00,$0,Charcoal,['all'],"[""Women's low profile cap with a patched logo. "", '100% Cotton', 'Imported', 'One size fits most']","['https://d2xe6rib7hqydz.cloudfront.net/store/media/catalog/product/cache/1/image/9df78eab33525d08d6e5fb8d27136e95/2/3/232223_CHAR_1.jpg', 'https://d2xe6rib7hqydz.cloudfront.net/store/media/catalog/product/cache/1/image/9df78eab33525d08d6e5fb8d27136e95/2/3/232223_CHAR_2.jpg']",4,all,1,https://www.stussy.com/us/noa-wash-low-pro-cap?color_hat=238
Noa Wash Low Pro Cap (Wmns),noa-wash-low-pro-cap-586-lime,$35.00,$0,Lime,['all'],"[""Women's low profile cap with a patched logo. "", '100% Cotton', 'Imported', 'One size fits most']","['https://d2xe6rib7hqydz.cloudfront.net/store/media/catalog/product/cache/1/image/9df78eab33525d08d6e5fb8d27136e95/2/3/232223_LIME_1.jpg', 'https://d2xe6rib7hqydz.cloudfront.net/store/media/catalog/product/cache/1/image/9df78eab33525d08d6e5fb8d27136e95/2/3/232223_LIME_2.jpg']",4,all,1,https://www.stussy.com/us/noa-wash-low-pro-cap?color_hat=238
Stock Band Bucket Hat,stock-band-bucket-hat-225-black,$40.00,$0,Black,"['S/M', 'L/XL']","['Standard fit bucket hat with an embroidered design and downward facing brim.', 'Embroidered eyelets', 'Crown liner ', '100% cotton', 'Imported']","['https://d2xe6rib7hqydz.cloudfront.net/store/media/catalog/product/cache/1/image/9df78eab33525d08d6e5fb8d27136e95/1/3/132930_BLAC_1.jpg', 'https://d2xe6rib7hqydz.cloudfront.net/store/media/catalog/product/cache/1/image/9df78eab33525d08d6e5fb8d27136e95/1/3/132930_BLAC_2.jpg']",5,all,1,https://www.stussy.com/us/stock-band-bucket-hat?color_hat=225
Stock Band Bucket Hat,stock-band-bucket-hat-325-yellow,$40.00,$0,Yellow,"['S/M', 'L/XL']","['Standard fit bucket hat with an embroidered design and downward facing brim.', 'Embroidered eyelets', 'Crown liner ', '100% cotton', 'Imported']","['https://d2xe6rib7hqydz.cloudfront.net/store/media/catalog/product/cache/1/image/9df78eab33525d08d6e5fb8d27136e95/1/3/132930_YELO_1.jpg', 'https://d2xe6rib7hqydz.cloudfront.net/store/media/catalog/product/cache/1/image/9df78eab33525d08d6e5fb8d27136e95/1/3/132930_YELO_2.jpg']",5,all,1,https://www.stussy.com/us/stock-band-bucket-hat?color_hat=225
Stock Band Bucket Hat,stock-band-bucket-hat-547-coral,$40.00,$0,Coral,"['S/M', 'L/XL']","['Standard fit bucket hat with an embroidered design and downward facing brim.', 'Embroidered eyelets', 'Crown liner ', '100% cotton', 'Imported']","['https://d2xe6rib7hqydz.cloudfront.net/store/media/catalog/product/cache/1/image/9df78eab33525d08d6e5fb8d27136e95/1/3/132930_CORA_1.jpg', 'https://d2xe6rib7hqydz.cloudfront.net/store/media/catalog/product/cache/1/image/9df78eab33525d08d6e5fb8d27136e95/1/3/132930_CORA_2.jpg']",5,all,1,https://www.stussy.com/us/stock-band-bucket-hat?color_hat=225
Stock Band Bucket Hat,stock-band-bucket-hat-605-lavender,$40.00,$0,Lavender,"['S/M', 'L/XL']","['Standard fit bucket hat with an embroidered design and downward facing brim.', 'Embroidered eyelets', 'Crown liner ', '100% cotton', 'Imported']","['https://d2xe6rib7hqydz.cloudfront.net/store/media/catalog/product/cache/1/image/9df78eab33525d08d6e5fb8d27136e95/1/3/132930_LAVE_1.jpg', 'https://d2xe6rib7hqydz.cloudfront.net/store/media/catalog/product/cache/1/image/9df78eab33525d08d6e5fb8d27136e95/1/3/132930_LAVE_2.jpg']",5,all,1,https://www.stussy.com/us/stock-band-bucket-hat?color_hat=225
Mask Pattern Low Pro Cap,mask-pattern-low-pro-cap-231-brown,$40.00,$0,Brown,['all'],"['Structured 6 panel with a Mask pattern all over.', 'Adjustable strapback closure', '100% Cotton', 'Imported', 'One size fits most']","['https://d2xe6rib7hqydz.cloudfront.net/store/media/catalog/product/cache/1/image/9df78eab33525d08d6e5fb8d27136e95/1/3/131879_BROW_1.jpg', 'https://d2xe6rib7hqydz.cloudfront.net/store/media/catalog/product/cache/1/image/9df78eab33525d08d6e5fb8d27136e95/1/3/131879_BROW_2.jpg']",6,all,1,https://www.stussy.com/us/mask-pattern-low-pro-cap?color_hat=231
Mask Pattern Low Pro Cap,mask-pattern-low-pro-cap-291-pink,$40.00,$0,Pink,['all'],"['Structured 6 panel with a Mask pattern all over.', 'Adjustable strapback closure', '100% Cotton', 'Imported', 'One size fits most']","['https://d2xe6rib7hqydz.cloudfront.net/store/media/catalog/product/cache/1/image/9df78eab33525d08d6e5fb8d27136e95/1/3/131879_PINK_1.jpg', 'https://d2xe6rib7hqydz.cloudfront.net/store/media/catalog/product/cache/1/image/9df78eab33525d08d6e5fb8d27136e95/1/3/131879_PINK_2.jpg']",6,all,1,https://www.stussy.com/us/mask-pattern-low-pro-cap?color_hat=231
No Wale Cord Low Pro Cap,no-wale-cord-low-pro-cap-280-navy,$40.00,$0,Navy,['all'],"['Structured 6 panel', 'Embroidered logo', 'Adjustable strapback closure', '100% Polyester', 'Imported', 'One size fits most']","['https://d2xe6rib7hqydz.cloudfront.net/store/media/catalog/product/cache/1/image/9df78eab33525d08d6e5fb8d27136e95/1/3/131880_NAVY_1.jpg', 'https://d2xe6rib7hqydz.cloudfront.net/store/media/catalog/product/cache/1/image/9df78eab33525d08d6e5fb8d27136e95/1/3/131880_NAVY_2.jpg']",7,all,1,https://www.stussy.com/us/no-wale-cord-low-pro-cap?color_hat=280
No Wale Cord Low Pro Cap,no-wale-cord-low-pro-cap-285-olive,$40.00,$0,Olive,['all'],"['Structured 6 panel', 'Embroidered logo', 'Adjustable strapback closure', '100% Polyester', 'Imported', 'One size fits most']","['https://d2xe6rib7hqydz.cloudfront.net/store/media/catalog/product/cache/1/image/9df78eab33525d08d6e5fb8d27136e95/1/3/131880_OLIV_1.jpg', 'https://d2xe6rib7hqydz.cloudfront.net/store/media/catalog/product/cache/1/image/9df78eab33525d08d6e5fb8d27136e95/1/3/131880_OLIV_2.jpg']",7,all,1,https://www.stussy.com/us/no-wale-cord-low-pro-cap?color_hat=280
No Wale Cord Low Pro Cap,no-wale-cord-low-pro-cap-291-pink,$40.00,$0,Pink,['all'],"['Structured 6 panel', 'Embroidered logo', 'Adjustable strapback closure', '100% Polyester', 'Imported', 'One size fits most']","['https://d2xe6rib7hqydz.cloudfront.net/store/media/catalog/product/cache/1/image/9df78eab33525d08d6e5fb8d27136e95/1/3/131880_PINK_1.jpg', 'https://d2xe6rib7hqydz.cloudfront.net/store/media/catalog/product/cache/1/image/9df78eab33525d08d6e5fb8d27136e95/1/3/131880_PINK_2.jpg']",7,all,1,https://www.stussy.com/us/no-wale-cord-low-pro-cap?color_hat=280
Stock Low Pro Cap,stock-low-pro-cap-117391-225-black,$40.00,$0,Black,['all'],"['Structured 6 panel cap with an adjustable strapback closure and an embroidered logo.', '100% Cotton', 'Imported', 'One size fits most']","['https://d2xe6rib7hqydz.cloudfront.net/store/media/catalog/product/cache/1/image/9df78eab33525d08d6e5fb8d27136e95/1/3/131883_BLAC_1.jpg', 'https://d2xe6rib7hqydz.cloudfront.net/store/media/catalog/product/cache/1/image/9df78eab33525d08d6e5fb8d27136e95/1/3/131883_BLAC_2.jpg']",8,all,1,https://www.stussy.com/us/stock-low-pro-cap-117391?color_hat=225
Stock Low Pro Cap,stock-low-pro-cap-117391-267-khaki,$40.00,$0,Khaki,['all'],"['Structured 6 panel cap with an adjustable strapback closure and an embroidered logo.', '100% Cotton', 'Imported', 'One size fits most']","['https://d2xe6rib7hqydz.cloudfront.net/store/media/catalog/product/cache/1/image/9df78eab33525d08d6e5fb8d27136e95/1/3/131883_KHAK_1.jpg', 'https://d2xe6rib7hqydz.cloudfront.net/store/media/catalog/product/cache/1/image/9df78eab33525d08d6e5fb8d27136e95/1/3/131883_KHAK_2.jpg']",8,all,1,https://www.stussy.com/us/stock-low-pro-cap-117391?color_hat=225
Stock Low Pro Cap,stock-low-pro-cap-117391-295-red,$40.00,$0,Red,['all'],"['Structured 6 panel cap with an adjustable strapback closure and an embroidered logo.', '100% Cotton', 'Imported', 'One size fits most']","['https://d2xe6rib7hqydz.cloudfront.net/store/media/catalog/product/cache/1/image/9df78eab33525d08d6e5fb8d27136e95/1/3/131883_REDD_1.jpg', 'https://d2xe6rib7hqydz.cloudfront.net/store/media/catalog/product/cache/1/image/9df78eab33525d08d6e5fb8d27136e95/1/3/131883_REDD_2.jpg']",8,all,1,https://www.stussy.com/us/stock-low-pro-cap-117391?color_hat=225
Stock Low Pro Cap,stock-low-pro-cap-117391-298-royal blue,$40.00,$0,Royal Blue,['all'],"['Structured 6 panel cap with an adjustable strapback closure and an embroidered logo.', '100% Cotton', 'Imported', 'One size fits most']","['https://d2xe6rib7hqydz.cloudfront.net/store/media/catalog/product/cache/1/image/9df78eab33525d08d6e5fb8d27136e95/1/3/131883_ROYL_1.jpg', 'https://d2xe6rib7hqydz.cloudfront.net/store/media/catalog/product/cache/1/image/9df78eab33525d08d6e5fb8d27136e95/1/3/131883_ROYL_2.jpg']",8,all,1,https://www.stussy.com/us/stock-low-pro-cap-117391?color_hat=225
Stock Low Pro Cap,stock-low-pro-cap-117391-586-lime,$40.00,$0,Lime,['all'],"['Structured 6 panel cap with an adjustable strapback closure and an embroidered logo.', '100% Cotton', 'Imported', 'One size fits most']","['https://d2xe6rib7hqydz.cloudfront.net/store/media/catalog/product/cache/1/image/9df78eab33525d08d6e5fb8d27136e95/1/3/131883_LIME_1.jpg', 'https://d2xe6rib7hqydz.cloudfront.net/store/media/catalog/product/cache/1/image/9df78eab33525d08d6e5fb8d27136e95/1/3/131883_LIME_2.jpg']",8,all,1,https://www.stussy.com/us/stock-low-pro-cap-117391?color_hat=225
Mask Pattern Bucket Hat,mask-pattern-bucket-hat-231-brown,$50.00,$0,Brown,"['S/M', 'L/XL']","['Standard fit bucket hat with an large masks print all over, downward facing brim, and an embroidered logo.', 'Embroidered eyelets', 'Crown liner ', '100% Cotton', 'Imported']","['https://d2xe6rib7hqydz.cloudfront.net/store/media/catalog/product/cache/1/image/9df78eab33525d08d6e5fb8d27136e95/1/3/132925_BROW_1.jpg', 'https://d2xe6rib7hqydz.cloudfront.net/store/media/catalog/product/cache/1/image/9df78eab33525d08d6e5fb8d27136e95/1/3/132925_BROW_2.jpg']",9,all,1,https://www.stussy.com/us/mask-pattern-bucket-hat?color_hat=231
Mask Pattern Bucket Hat,mask-pattern-bucket-hat-291-pink,$50.00,$0,Pink,"['S/M', 'L/XL']","['Standard fit bucket hat with an large masks print all over, downward facing brim, and an embroidered logo.', 'Embroidered eyelets', 'Crown liner ', '100% Cotton', 'Imported']","['https://d2xe6rib7hqydz.cloudfront.net/store/media/catalog/product/cache/1/image/9df78eab33525d08d6e5fb8d27136e95/1/3/132925_PINK_1.jpg', 'https://d2xe6rib7hqydz.cloudfront.net/store/media/catalog/product/cache/1/image/9df78eab33525d08d6e5fb8d27136e95/1/3/132925_PINK_2.jpg']",9,all,1,https://www.stussy.com/us/mask-pattern-bucket-hat?color_hat=231
Langley Shiny Bucket Hat (Wmns),langley-shiny-bucket-hat-261-grey,$40.00,$0,Grey,"['XS/S', 'M/L']","['Mid crown bucket hat with downward facing brim and signature black woven label.', '100% Polyester']","['https://d2xe6rib7hqydz.cloudfront.net/store/media/catalog/product/cache/1/image/9df78eab33525d08d6e5fb8d27136e95/2/3/232218_GREY_1.jpg', 'https://d2xe6rib7hqydz.cloudfront.net/store/media/catalog/product/cache/1/image/9df78eab33525d08d6e5fb8d27136e95/2/3/232218_GREY_2.jpg']",10,all,1,https://www.stussy.com/us/langley-shiny-bucket-hat?color_hat=261
Langley Shiny Bucket Hat (Wmns),langley-shiny-bucket-hat-308-tan,$40.00,$0,Tan,"['XS/S', 'M/L']","['Mid crown bucket hat with downward facing brim and signature black woven label.', '100% Polyester']","['https://d2xe6rib7hqydz.cloudfront.net/store/media/catalog/product/cache/1/image/9df78eab33525d08d6e5fb8d27136e95/2/3/232218_TANN_1.jpg', 'https://d2xe6rib7hqydz.cloudfront.net/store/media/catalog/product/cache/1/image/9df78eab33525d08d6e5fb8d27136e95/2/3/232218_TANN_2.jpg']",10,all,1,https://www.stussy.com/us/langley-shiny-bucket-hat?color_hat=261
Washed Ripstop Bell Bucket Hat,washed-ripstop-bell-bucket-hat-225-black,$45.00,$0,Black,"['S/M', 'L/XL']","['Standard fit bucket hat with an embroidered design and downward facing brim.', 'Black stitched logo', 'Crown liner ', '100% cotton', 'Imported']","['https://d2xe6rib7hqydz.cloudfront.net/store/media/catalog/product/cache/1/image/9df78eab33525d08d6e5fb8d27136e95/1/3/132928_BLAC_1.jpg', 'https://d2xe6rib7hqydz.cloudfront.net/store/media/catalog/product/cache/1/image/9df78eab33525d08d6e5fb8d27136e95/1/3/132928_BLAC_2.jpg']",11,all,1,https://www.stussy.com/us/washed-ripstop-bell-bucket-hat?color_hat=225
Washed Ripstop Bell Bucket Hat,washed-ripstop-bell-bucket-hat-227-blue,$45.00,$0,Blue,"['S/M', 'L/XL']","['Standard fit bucket hat with an embroidered design and downward facing brim.', 'Black stitched logo', 'Crown liner ', '100% cotton', 'Imported']","['https://d2xe6rib7hqydz.cloudfront.net/store/media/catalog/product/cache/1/image/9df78eab33525d08d6e5fb8d27136e95/1/3/132928_BLUE_1.jpg', 'https://d2xe6rib7hqydz.cloudfront.net/store/media/catalog/product/cache/1/image/9df78eab33525d08d6e5fb8d27136e95/1/3/132928_BLUE_2.jpg']",11,all,1,https://www.stussy.com/us/washed-ripstop-bell-bucket-hat?color_hat=225
Washed Ripstop Bell Bucket Hat,washed-ripstop-bell-bucket-hat-295-red,$45.00,$0,Red,"['S/M', 'L/XL']","['Standard fit bucket hat with an embroidered design and downward facing brim.', 'Black stitched logo', 'Crown liner ', '100% cotton', 'Imported']","['https://d2xe6rib7hqydz.cloudfront.net/store/media/catalog/product/cache/1/image/9df78eab33525d08d6e5fb8d27136e95/1/3/132928_REDD_1.jpg', 'https://d2xe6rib7hqydz.cloudfront.net/store/media/catalog/product/cache/1/image/9df78eab33525d08d6e5fb8d27136e95/1/3/132928_REDD_2.jpg']",11,all,1,https://www.stussy.com/us/washed-ripstop-bell-bucket-hat?color_hat=225
Washed Ripstop Low Pro Cap,washed-ripstop-low-pro-cap-225-black,$40.00,$0,Black,['all'],"['Mid Crown Structured 6 panel with embroidered logo.', 'Adjustable strapback closure', '100% Cotton', 'Imported', 'One size fits most']","['https://d2xe6rib7hqydz.cloudfront.net/store/media/catalog/product/cache/1/image/9df78eab33525d08d6e5fb8d27136e95/1/3/131885_BLAC_1.jpg', 'https://d2xe6rib7hqydz.cloudfront.net/store/media/catalog/product/cache/1/image/9df78eab33525d08d6e5fb8d27136e95/1/3/131885_BLAC_2.jpg']",12,all,1,https://www.stussy.com/us/washed-ripstop-low-pro-cap?color_hat=225
Washed Ripstop Low Pro Cap,washed-ripstop-low-pro-cap-227-blue,$40.00,$0,Blue,['all'],"['Mid Crown Structured 6 panel with embroidered logo.', 'Adjustable strapback closure', '100% Cotton', 'Imported', 'One size fits most']","['https://d2xe6rib7hqydz.cloudfront.net/store/media/catalog/product/cache/1/image/9df78eab33525d08d6e5fb8d27136e95/1/3/131885_BLUE_1.jpg', 'https://d2xe6rib7hqydz.cloudfront.net/store/media/catalog/product/cache/1/image/9df78eab33525d08d6e5fb8d27136e95/1/3/131885_BLUE_2.jpg']",12,all,1,https://www.stussy.com/us/washed-ripstop-low-pro-cap?color_hat=225
Washed Ripstop Low Pro Cap,washed-ripstop-low-pro-cap-295-red,$40.00,$0,Red,['all'],"['Mid Crown Structured 6 panel with embroidered logo.', 'Adjustable strapback closure', '100% Cotton', 'Imported', 'One size fits most']","['https://d2xe6rib7hqydz.cloudfront.net/store/media/catalog/product/cache/1/image/9df78eab33525d08d6e5fb8d27136e95/1/3/131885_REDD_1.jpg', 'https://d2xe6rib7hqydz.cloudfront.net/store/media/catalog/product/cache/1/image/9df78eab33525d08d6e5fb8d27136e95/1/3/131885_REDD_2.jpg']",12,all,1,https://www.stussy.com/us/washed-ripstop-low-pro-cap?color_hat=225
Sierra Water Sombrero (Wmns),sierra-water-sombrero-260-green,$45.00,$0,Green,"['XS/S', 'M/L']","['Mid crown hat with straight brim and embroidered logo.', '100% Nylon']","['https://d2xe6rib7hqydz.cloudfront.net/store/media/catalog/product/cache/1/image/9df78eab33525d08d6e5fb8d27136e95/2/3/232222_GREN_1.jpg', 'https://d2xe6rib7hqydz.cloudfront.net/store/media/catalog/product/cache/1/image/9df78eab33525d08d6e5fb8d27136e95/2/3/232222_GREN_2.jpg']",13,all,1,https://www.stussy.com/us/sierra-water-sombrero?color_hat=260
Sierra Water Sombrero (Wmns),sierra-water-sombrero-278-natural,$45.00,$0,Natural,"['XS/S', 'M/L']","['Mid crown hat with straight brim and embroidered logo.', '100% Nylon']","['https://d2xe6rib7hqydz.cloudfront.net/store/media/catalog/product/cache/1/image/9df78eab33525d08d6e5fb8d27136e95/2/3/232222_NATL_1.jpg', 'https://d2xe6rib7hqydz.cloudfront.net/store/media/catalog/product/cache/1/image/9df78eab33525d08d6e5fb8d27136e95/2/3/232222_NATL_2.jpg']",13,all,1,https://www.stussy.com/us/sierra-water-sombrero?color_hat=260
Alpine Peach Strapback Cap,alpine-peach-strapback-cap-225-black,$40.00,$0,Black,['all'],"['Structured 6 panel', 'Embroidered logo', 'Adjustable strapback closure', '100% Polyester', 'Imported', 'One size fits most']","['https://d2xe6rib7hqydz.cloudfront.net/store/media/catalog/product/cache/1/image/9df78eab33525d08d6e5fb8d27136e95/1/3/131886_BLAC_1.jpg', 'https://d2xe6rib7hqydz.cloudfront.net/store/media/catalog/product/cache/1/image/9df78eab33525d08d6e5fb8d27136e95/1/3/131886_BLAC_2.jpg']",14,all,1,https://www.stussy.com/us/alpine-peach-strapback-cap?color_hat=225
Washed Ripstop Boonie Hat,washed-ripstop-boonie-hat-225-black,$55.00,$0,Black,"['S/M', 'L/XL']","['Standard fit bucket hat with an embroidered design and downward facing brim.', 'Black stitched logo', 'Crown liner ', '100% cotton', 'Imported']","['https://d2xe6rib7hqydz.cloudfront.net/store/media/catalog/product/cache/1/image/9df78eab33525d08d6e5fb8d27136e95/1/3/132929_BLAC_1.jpg', 'https://d2xe6rib7hqydz.cloudfront.net/store/media/catalog/product/cache/1/image/9df78eab33525d08d6e5fb8d27136e95/1/3/132929_BLAC_2.jpg']",15,all,1,https://www.stussy.com/us/washed-ripstop-boonie-hat?color_hat=225
Washed Ripstop Boonie Hat,washed-ripstop-boonie-hat-227-blue,$55.00,$0,Blue,"['S/M', 'L/XL']","['Standard fit bucket hat with an embroidered design and downward facing brim.', 'Black stitched logo', 'Crown liner ', '100% cotton', 'Imported']","['https://d2xe6rib7hqydz.cloudfront.net/store/media/catalog/product/cache/1/image/9df78eab33525d08d6e5fb8d27136e95/1/3/132929_BLUE_1.jpg', 'https://d2xe6rib7hqydz.cloudfront.net/store/media/catalog/product/cache/1/image/9df78eab33525d08d6e5fb8d27136e95/1/3/132929_BLUE_2.jpg']",15,all,1,https://www.stussy.com/us/washed-ripstop-boonie-hat?color_hat=225
Washed Ripstop Boonie Hat,washed-ripstop-boonie-hat-295-red,$55.00,$0,Red,"['S/M', 'L/XL']","['Standard fit bucket hat with an embroidered design and downward facing brim.', 'Black stitched logo', 'Crown liner ', '100% cotton', 'Imported']","['https://d2xe6rib7hqydz.cloudfront.net/store/media/catalog/product/cache/1/image/9df78eab33525d08d6e5fb8d27136e95/1/3/132929_REDD_1.jpg', 'https://d2xe6rib7hqydz.cloudfront.net/store/media/catalog/product/cache/1/image/9df78eab33525d08d6e5fb8d27136e95/1/3/132929_REDD_2.jpg']",15,all,1,https://www.stussy.com/us/washed-ripstop-boonie-hat?color_hat=225
Stock Snapback,stock-snapback-117045-225-black,$40.00,$0,Black,['all'],"['High Crown 6 panel silhouette with stitched brim, embroidered logo and eyelets.', 'Adjustable snapback closure', '100% Cotton', 'Imported', 'One size fits most']","['https://d2xe6rib7hqydz.cloudfront.net/store/media/catalog/product/cache/1/image/9df78eab33525d08d6e5fb8d27136e95/1/3/131895_BLAC_1.jpg', 'https://d2xe6rib7hqydz.cloudfront.net/store/media/catalog/product/cache/1/image/9df78eab33525d08d6e5fb8d27136e95/1/3/131895_BLAC_2.jpg']",16,all,1,https://www.stussy.com/us/stock-snapback-117045?color_hat=225
Stock Snapback,stock-snapback-117045-227-blue,$40.00,$0,Blue,['all'],"['High Crown 6 panel silhouette with stitched brim, embroidered logo and eyelets.', 'Adjustable snapback closure', '100% Cotton', 'Imported', 'One size fits most']","['https://d2xe6rib7hqydz.cloudfront.net/store/media/catalog/product/cache/1/image/9df78eab33525d08d6e5fb8d27136e95/1/3/131895_BLUE_1.jpg', 'https://d2xe6rib7hqydz.cloudfront.net/store/media/catalog/product/cache/1/image/9df78eab33525d08d6e5fb8d27136e95/1/3/131895_BLUE_2.jpg']",16,all,1,https://www.stussy.com/us/stock-snapback-117045?color_hat=225
Stock Snapback,stock-snapback-117045-325-yellow,$40.00,$0,Yellow,['all'],"['High Crown 6 panel silhouette with stitched brim, embroidered logo and eyelets.', 'Adjustable snapback closure', '100% Cotton', 'Imported', 'One size fits most']","['https://d2xe6rib7hqydz.cloudfront.net/store/media/catalog/product/cache/1/image/9df78eab33525d08d6e5fb8d27136e95/1/3/131895_YELO_1.jpg', 'https://d2xe6rib7hqydz.cloudfront.net/store/media/catalog/product/cache/1/image/9df78eab33525d08d6e5fb8d27136e95/1/3/131895_YELO_2.jpg']",16,all,1,https://www.stussy.com/us/stock-snapback-117045?color_hat=225
Stock Snapback,stock-snapback-117045-547-coral,$40.00,$0,Coral,['all'],"['High Crown 6 panel silhouette with stitched brim, embroidered logo and eyelets.', 'Adjustable snapback closure', '100% Cotton', 'Imported', 'One size fits most']","['https://d2xe6rib7hqydz.cloudfront.net/store/media/catalog/product/cache/1/image/9df78eab33525d08d6e5fb8d27136e95/1/3/131895_CORA_1.jpg', 'https://d2xe6rib7hqydz.cloudfront.net/store/media/catalog/product/cache/1/image/9df78eab33525d08d6e5fb8d27136e95/1/3/131895_CORA_2.jpg']",16,all,1,https://www.stussy.com/us/stock-snapback-117045?color_hat=225
Pigment Washed Canvas Cap,pigment-washed-canvas-cap-227-blue,$40.00,$0,Blue,['all'],"['Mid Crown 6 panel silhouette with stitched brim, patched logo and eyelets.', 'Adjustable snapback closure', '100% Cotton', 'Imported', 'One size fits most']","['https://d2xe6rib7hqydz.cloudfront.net/store/media/catalog/product/cache/1/image/9df78eab33525d08d6e5fb8d27136e95/1/3/131892_BLUE_1.jpg', 'https://d2xe6rib7hqydz.cloudfront.net/store/media/catalog/product/cache/1/image/9df78eab33525d08d6e5fb8d27136e95/1/3/131892_BLUE_2.jpg']",17,all,1,https://www.stussy.com/us/pigment-washed-canvas-cap?color_hat=227
Pigment Washed Canvas Cap,pigment-washed-canvas-cap-261-grey,$40.00,$0,Grey,['all'],"['Mid Crown 6 panel silhouette with stitched brim, patched logo and eyelets.', 'Adjustable snapback closure', '100% Cotton', 'Imported', 'One size fits most']","['https://d2xe6rib7hqydz.cloudfront.net/store/media/catalog/product/cache/1/image/9df78eab33525d08d6e5fb8d27136e95/1/3/131892_GREY_1.jpg', 'https://d2xe6rib7hqydz.cloudfront.net/store/media/catalog/product/cache/1/image/9df78eab33525d08d6e5fb8d27136e95/1/3/131892_GREY_2.jpg']",17,all,1,https://www.stussy.com/us/pigment-washed-canvas-cap?color_hat=227
Pigment Washed Canvas Cap,pigment-washed-canvas-cap-325-yellow,$40.00,$0,Yellow,['all'],"['Mid Crown 6 panel silhouette with stitched brim, patched logo and eyelets.', 'Adjustable snapback closure', '100% Cotton', 'Imported', 'One size fits most']","['https://d2xe6rib7hqydz.cloudfront.net/store/media/catalog/product/cache/1/image/9df78eab33525d08d6e5fb8d27136e95/1/3/131892_YELO_1.jpg', 'https://d2xe6rib7hqydz.cloudfront.net/store/media/catalog/product/cache/1/image/9df78eab33525d08d6e5fb8d27136e95/1/3/131892_YELO_2.jpg']",17,all,1,https://www.stussy.com/us/pigment-washed-canvas-cap?color_hat=227
Nylon Taslan Low Pro Cap,nylon-taslan-low-pro-cap-225-black,$40.00,$0,Black,['all'],"['Low Crown Structured 6 panel with embroidered logo.', 'Adjustable strapback closure', '100% Nylon', 'Imported', 'One size fits most']","['https://d2xe6rib7hqydz.cloudfront.net/store/media/catalog/product/cache/1/image/9df78eab33525d08d6e5fb8d27136e95/1/3/131881_BLAC_1.jpg', 'https://d2xe6rib7hqydz.cloudfront.net/store/media/catalog/product/cache/1/image/9df78eab33525d08d6e5fb8d27136e95/1/3/131881_BLAC_2.jpg']",18,all,1,https://www.stussy.com/us/nylon-taslan-low-pro-cap?color_hat=225
Nylon Taslan Low Pro Cap,nylon-taslan-low-pro-cap-292-purple,$40.00,$0,Purple,['all'],"['Low Crown Structured 6 panel with embroidered logo.', 'Adjustable strapback closure', '100% Nylon', 'Imported', 'One size fits most']","['https://d2xe6rib7hqydz.cloudfront.net/store/media/catalog/product/cache/1/image/9df78eab33525d08d6e5fb8d27136e95/1/3/131881_PURP_1.jpg', 'https://d2xe6rib7hqydz.cloudfront.net/store/media/catalog/product/cache/1/image/9df78eab33525d08d6e5fb8d27136e95/1/3/131881_PURP_2.jpg']",18,all,1,https://www.stussy.com/us/nylon-taslan-low-pro-cap?color_hat=225
Nylon Taslan Low Pro Cap,nylon-taslan-low-pro-cap-325-yellow,$40.00,$0,Yellow,['all'],"['Low Crown Structured 6 panel with embroidered logo.', 'Adjustable strapback closure', '100% Nylon', 'Imported', 'One size fits most']","['https://d2xe6rib7hqydz.cloudfront.net/store/media/catalog/product/cache/1/image/9df78eab33525d08d6e5fb8d27136e95/1/3/131881_YELO_1.jpg', 'https://d2xe6rib7hqydz.cloudfront.net/store/media/catalog/product/cache/1/image/9df78eab33525d08d6e5fb8d27136e95/1/3/131881_YELO_2.jpg']",18,all,1,https://www.stussy.com/us/nylon-taslan-low-pro-cap?color_hat=225
Nylon Taslan Bucket Hat,nylon-taslan-bucket-hat-295-red,['$45.00'],$0,Red,['all'],"['Standard fit bucket hat with an embroidered design and downward facing brim.', 'Embroidered eyelets', 'Crown liner ', '100% Nylon', 'Imported']","['https://d2xe6rib7hqydz.cloudfront.net/store/media/catalog/product/cache/1/image/9df78eab33525d08d6e5fb8d27136e95/1/3/132926_REDD_1.jpg', 'https://d2xe6rib7hqydz.cloudfront.net/store/media/catalog/product/cache/1/image/9df78eab33525d08d6e5fb8d27136e95/1/3/132926_REDD_2.jpg']",19,all,1,https://www.stussy.com/us/nylon-taslan-bucket-hat?color_hat=639
Nylon Taslan Bucket Hat,nylon-taslan-bucket-hat-304-silver,['$45.00'],$0,Silver,['all'],"['Standard fit bucket hat with an embroidered design and downward facing brim.', 'Embroidered eyelets', 'Crown liner ', '100% Nylon', 'Imported']","['https://d2xe6rib7hqydz.cloudfront.net/store/media/catalog/product/cache/1/image/9df78eab33525d08d6e5fb8d27136e95/1/3/132926_SILV_1.jpg', 'https://d2xe6rib7hqydz.cloudfront.net/store/media/catalog/product/cache/1/image/9df78eab33525d08d6e5fb8d27136e95/1/3/132926_SILV_2.jpg']",19,all,1,https://www.stussy.com/us/nylon-taslan-bucket-hat?color_hat=639
No Wale Cord Cap,no-wale-cord-cap-227-blue,$40.00,$0,Blue,['all'],"['High Crown Structured 5 panel with type embroidered logo.', 'Adjustable snapback closure', '100% Polyester', 'Imported', 'One size fits most']","['https://d2xe6rib7hqydz.cloudfront.net/store/media/catalog/product/cache/1/image/9df78eab33525d08d6e5fb8d27136e95/1/3/131891_BLUE_1.jpg', 'https://d2xe6rib7hqydz.cloudfront.net/store/media/catalog/product/cache/1/image/9df78eab33525d08d6e5fb8d27136e95/1/3/131891_BLUE_2.jpg']",20,all,1,https://www.stussy.com/us/no-wale-cord-cap?color_hat=227
No Wale Cord Cap,no-wale-cord-cap-285-olive,$40.00,$0,Olive,['all'],"['High Crown Structured 5 panel with type embroidered logo.', 'Adjustable snapback closure', '100% Polyester', 'Imported', 'One size fits most']","['https://d2xe6rib7hqydz.cloudfront.net/store/media/catalog/product/cache/1/image/9df78eab33525d08d6e5fb8d27136e95/1/3/131891_OLIV_1.jpg', 'https://d2xe6rib7hqydz.cloudfront.net/store/media/catalog/product/cache/1/image/9df78eab33525d08d6e5fb8d27136e95/1/3/131891_OLIV_2.jpg']",20,all,1,https://www.stussy.com/us/no-wale-cord-cap?color_hat=227
No Wale Cord Cap,no-wale-cord-cap-291-pink,$40.00,$0,Pink,['all'],"['High Crown Structured 5 panel with type embroidered logo.', 'Adjustable snapback closure', '100% Polyester', 'Imported', 'One size fits most']","['https://d2xe6rib7hqydz.cloudfront.net/store/media/catalog/product/cache/1/image/9df78eab33525d08d6e5fb8d27136e95/1/3/131891_PINK_1.jpg', 'https://d2xe6rib7hqydz.cloudfront.net/store/media/catalog/product/cache/1/image/9df78eab33525d08d6e5fb8d27136e95/1/3/131891_PINK_2.jpg']",20,all,1,https://www.stussy.com/us/no-wale-cord-cap?color_hat=227
Stock Camp Cap,stock-camp-cap-115959-225-black,$40.00,$0,Black,['all'],"['Low brim 5 panel silhouette stitched brim camp cap with adjustable buckle closure.', 'Embroidered logo and eyelets', '100% cotton', 'Imported', 'One size fits most']","['https://d2xe6rib7hqydz.cloudfront.net/store/media/catalog/product/cache/1/image/9df78eab33525d08d6e5fb8d27136e95/1/3/132932_BLAC_1.jpg', 'https://d2xe6rib7hqydz.cloudfront.net/store/media/catalog/product/cache/1/image/9df78eab33525d08d6e5fb8d27136e95/1/3/132932_BLAC_2.jpg']",21,all,1,https://www.stussy.com/us/stock-camp-cap-115959?color_hat=225
Stock Camp Cap,stock-camp-cap-115959-291-pink,$40.00,$0,Pink,['all'],"['Low brim 5 panel silhouette stitched brim camp cap with adjustable buckle closure.', 'Embroidered logo and eyelets', '100% cotton', 'Imported', 'One size fits most']","['https://d2xe6rib7hqydz.cloudfront.net/store/media/catalog/product/cache/1/image/9df78eab33525d08d6e5fb8d27136e95/1/3/132932_PINK_1.jpg', 'https://d2xe6rib7hqydz.cloudfront.net/store/media/catalog/product/cache/1/image/9df78eab33525d08d6e5fb8d27136e95/1/3/132932_PINK_2.jpg']",21,all,1,https://www.stussy.com/us/stock-camp-cap-115959?color_hat=225
Stock Camp Cap,stock-camp-cap-115959-639-neon yellow,$40.00,$0,Neon Yellow,['all'],"['Low brim 5 panel silhouette stitched brim camp cap with adjustable buckle closure.', 'Embroidered logo and eyelets', '100% cotton', 'Imported', 'One size fits most']","['https://d2xe6rib7hqydz.cloudfront.net/store/media/catalog/product/cache/1/image/9df78eab33525d08d6e5fb8d27136e95/1/3/132932_NEOY_1.jpg', 'https://d2xe6rib7hqydz.cloudfront.net/store/media/catalog/product/cache/1/image/9df78eab33525d08d6e5fb8d27136e95/1/3/132932_NEOY_2.jpg']",21,all,1,https://www.stussy.com/us/stock-camp-cap-115959?color_hat=225
Poly Ripstop Low Pro Cap,poly-ripstop-low-pro-cap-260-green,$40.00,$0,Green,['all'],"['Low Crown Structured 6 panel with patched logo.', 'Adjustable strapback closure', '100% Polyester', 'Imported', 'One size fits most']","['https://d2xe6rib7hqydz.cloudfront.net/store/media/catalog/product/cache/1/image/9df78eab33525d08d6e5fb8d27136e95/1/3/131882_GREN_1.jpg', 'https://d2xe6rib7hqydz.cloudfront.net/store/media/catalog/product/cache/1/image/9df78eab33525d08d6e5fb8d27136e95/1/3/131882_GREN_2.jpg']",22,all,1,https://www.stussy.com/us/poly-ripstop-low-pro-cap?color_hat=260
Poly Ripstop Low Pro Cap,poly-ripstop-low-pro-cap-322-white,$40.00,$0,White,['all'],"['Low Crown Structured 6 panel with patched logo.', 'Adjustable strapback closure', '100% Polyester', 'Imported', 'One size fits most']","['https://d2xe6rib7hqydz.cloudfront.net/store/media/catalog/product/cache/1/image/9df78eab33525d08d6e5fb8d27136e95/1/3/131882_WHIT_1.jpg', 'https://d2xe6rib7hqydz.cloudfront.net/store/media/catalog/product/cache/1/image/9df78eab33525d08d6e5fb8d27136e95/1/3/131882_WHIT_2.jpg']",22,all,1,https://www.stussy.com/us/poly-ripstop-low-pro-cap?color_hat=260
Poly Ripstop Low Pro Cap,poly-ripstop-low-pro-cap-325-yellow,$40.00,$0,Yellow,['all'],"['Low Crown Structured 6 panel with patched logo.', 'Adjustable strapback closure', '100% Polyester', 'Imported', 'One size fits most']","['https://d2xe6rib7hqydz.cloudfront.net/store/media/catalog/product/cache/1/image/9df78eab33525d08d6e5fb8d27136e95/1/3/131882_YELO_1.jpg', 'https://d2xe6rib7hqydz.cloudfront.net/store/media/catalog/product/cache/1/image/9df78eab33525d08d6e5fb8d27136e95/1/3/131882_YELO_2.jpg']",22,all,1,https://www.stussy.com/us/poly-ripstop-low-pro-cap?color_hat=260
Aydin Crinkle Bugee Cap (Wmns),aydin-crinkle-bugee-cap-225-black,$35.00,$0,Black,"['XS/S', 'M/L']","[""Women's hat"", 'Embroidered logo', '100% Nylon', 'Imported', 'One size fits most']","['https://d2xe6rib7hqydz.cloudfront.net/store/media/catalog/product/cache/1/image/9df78eab33525d08d6e5fb8d27136e95/2/3/232217_BLAC_1.jpg', 'https://d2xe6rib7hqydz.cloudfront.net/store/media/catalog/product/cache/1/image/9df78eab33525d08d6e5fb8d27136e95/2/3/232217_BLAC_2.jpg']",23,all,1,https://www.stussy.com/us/aydin-crinkle-bugee-cap?color_hat=225
Aydin Crinkle Bugee Cap (Wmns),aydin-crinkle-bugee-cap-291-pink,$35.00,$0,Pink,"['XS/S', 'M/L']","[""Women's hat"", 'Embroidered logo', '100% Nylon', 'Imported', 'One size fits most']","['https://d2xe6rib7hqydz.cloudfront.net/store/media/catalog/product/cache/1/image/9df78eab33525d08d6e5fb8d27136e95/2/3/232217_PINK_1.jpg', 'https://d2xe6rib7hqydz.cloudfront.net/store/media/catalog/product/cache/1/image/9df78eab33525d08d6e5fb8d27136e95/2/3/232217_PINK_2.jpg']",23,all,1,https://www.stussy.com/us/aydin-crinkle-bugee-cap?color_hat=225
Lola Plaid Knit Bucket Hat (Wmns),lola-plaid-knit-bucket-hat-258-gold,$40.00,$0,Gold,"['XS/S', 'M/L']","['Relaxed fit womens tee with a crew neck and a printed logo.', '100% Cotton', 'Imported']","['https://d2xe6rib7hqydz.cloudfront.net/store/media/catalog/product/cache/1/image/9df78eab33525d08d6e5fb8d27136e95/2/3/232219_GOLD_1.jpg', 'https://d2xe6rib7hqydz.cloudfront.net/store/media/catalog/product/cache/1/image/9df78eab33525d08d6e5fb8d27136e95/2/3/232219_GOLD_2.jpg']",24,all,1,https://www.stussy.com/us/lola-plaid-knit-bucket-hat?color_hat=258
Lola Plaid Knit Bucket Hat (Wmns),lola-plaid-knit-bucket-hat-261-grey,$40.00,$0,Grey,"['XS/S', 'M/L']","['Relaxed fit womens tee with a crew neck and a printed logo.', '100% Cotton', 'Imported']","['https://d2xe6rib7hqydz.cloudfront.net/store/media/catalog/product/cache/1/image/9df78eab33525d08d6e5fb8d27136e95/2/3/232219_GREY_1.jpg', 'https://d2xe6rib7hqydz.cloudfront.net/store/media/catalog/product/cache/1/image/9df78eab33525d08d6e5fb8d27136e95/2/3/232219_GREY_2.jpg']",24,all,1,https://www.stussy.com/us/lola-plaid-knit-bucket-hat?color_hat=258
Nylon Rubber Patch Bucket Hat,nylon-rubber-patch-bucket-hat-225-black,$45.00,$0,Black,"['S/M', 'L/XL']","['Standard fit bucket hat with rubber patch logo and downward facing brim.', 'Embroidered eyelets', 'Crown liner ', '100% Nylon', 'Imported']","['https://d2xe6rib7hqydz.cloudfront.net/store/media/catalog/product/cache/1/image/9df78eab33525d08d6e5fb8d27136e95/1/3/132927_BLAC_1.jpg', 'https://d2xe6rib7hqydz.cloudfront.net/store/media/catalog/product/cache/1/image/9df78eab33525d08d6e5fb8d27136e95/1/3/132927_BLAC_2.jpg']",25,all,1,https://www.stussy.com/us/nylon-rubber-patch-bucket-hat?color_hat=225
Nylon Rubber Patch Bucket Hat,nylon-rubber-patch-bucket-hat-261-grey,$45.00,$0,Grey,"['S/M', 'L/XL']","['Standard fit bucket hat with rubber patch logo and downward facing brim.', 'Embroidered eyelets', 'Crown liner ', '100% Nylon', 'Imported']","['https://d2xe6rib7hqydz.cloudfront.net/store/media/catalog/product/cache/1/image/9df78eab33525d08d6e5fb8d27136e95/1/3/132927_GREY_1.jpg', 'https://d2xe6rib7hqydz.cloudfront.net/store/media/catalog/product/cache/1/image/9df78eab33525d08d6e5fb8d27136e95/1/3/132927_GREY_2.jpg']",25,all,1,https://www.stussy.com/us/nylon-rubber-patch-bucket-hat?color_hat=225
Nylon Rubber Patch Bucket Hat,nylon-rubber-patch-bucket-hat-287-orange,$45.00,$0,Orange,"['S/M', 'L/XL']","['Standard fit bucket hat with rubber patch logo and downward facing brim.', 'Embroidered eyelets', 'Crown liner ', '100% Nylon', 'Imported']","['https://d2xe6rib7hqydz.cloudfront.net/store/media/catalog/product/cache/1/image/9df78eab33525d08d6e5fb8d27136e95/1/3/132927_ORAN_1.jpg', 'https://d2xe6rib7hqydz.cloudfront.net/store/media/catalog/product/cache/1/image/9df78eab33525d08d6e5fb8d27136e95/1/3/132927_ORAN_2.jpg']",25,all,1,https://www.stussy.com/us/nylon-rubber-patch-bucket-hat?color_hat=225
Cord Low Pro Cap,cord-low-pro-cap-227-blue,$40.00,$0,Blue,['all'],"['Mid crown Structured 6 panel corduroy cap with arched contrast embroidered logo.', 'Adjustable strapback closure', '95% Polyester/ 5% Nylon', 'Imported', 'One size fits most']","['https://d2xe6rib7hqydz.cloudfront.net/store/media/catalog/product/cache/1/image/9df78eab33525d08d6e5fb8d27136e95/1/3/131861_BLUE_1.jpg', 'https://d2xe6rib7hqydz.cloudfront.net/store/media/catalog/product/cache/1/image/9df78eab33525d08d6e5fb8d27136e95/1/3/131861_BLUE_2.jpg']",26,all,1,https://www.stussy.com/us/cord-low-pro-cap?color_hat=227
Cord Low Pro Cap,cord-low-pro-cap-322-white,$40.00,$0,White,['all'],"['Mid crown Structured 6 panel corduroy cap with arched contrast embroidered logo.', 'Adjustable strapback closure', '95% Polyester/ 5% Nylon', 'Imported', 'One size fits most']","['https://d2xe6rib7hqydz.cloudfront.net/store/media/catalog/product/cache/1/image/9df78eab33525d08d6e5fb8d27136e95/1/3/131861_WHIT_1.jpg', 'https://d2xe6rib7hqydz.cloudfront.net/store/media/catalog/product/cache/1/image/9df78eab33525d08d6e5fb8d27136e95/1/3/131861_WHIT_2.jpg']",26,all,1,https://www.stussy.com/us/cord-low-pro-cap?color_hat=227
Cord Low Pro Cap,cord-low-pro-cap-325-yellow,$40.00,$0,Yellow,['all'],"['Mid crown Structured 6 panel corduroy cap with arched contrast embroidered logo.', 'Adjustable strapback closure', '95% Polyester/ 5% Nylon', 'Imported', 'One size fits most']","['https://d2xe6rib7hqydz.cloudfront.net/store/media/catalog/product/cache/1/image/9df78eab33525d08d6e5fb8d27136e95/1/3/131861_YELO_1.jpg', 'https://d2xe6rib7hqydz.cloudfront.net/store/media/catalog/product/cache/1/image/9df78eab33525d08d6e5fb8d27136e95/1/3/131861_YELO_2.jpg']",26,all,1,https://www.stussy.com/us/cord-low-pro-cap?color_hat=227
Stock Taslan Strapback Cap,stock-taslan-strapback-cap-225-black,$40.00,$0,Black,['all'],"['Mid Crown 6 panel silhouette with stitched brim, embroidered logo and eyelets.', 'Adjustable snapback closure', '100% Nylon', 'Imported', 'One size fits most']","['https://d2xe6rib7hqydz.cloudfront.net/store/media/catalog/product/cache/1/image/9df78eab33525d08d6e5fb8d27136e95/1/3/131889_BLAC_1.jpg', 'https://d2xe6rib7hqydz.cloudfront.net/store/media/catalog/product/cache/1/image/9df78eab33525d08d6e5fb8d27136e95/1/3/131889_BLAC_2.jpg']",27,all,1,https://www.stussy.com/us/stock-taslan-strapback-cap?color_hat=225
Stock Taslan Strapback Cap,stock-taslan-strapback-cap-291-pink,$40.00,$0,Pink,['all'],"['Mid Crown 6 panel silhouette with stitched brim, embroidered logo and eyelets.', 'Adjustable snapback closure', '100% Nylon', 'Imported', 'One size fits most']","['https://d2xe6rib7hqydz.cloudfront.net/store/media/catalog/product/cache/1/image/9df78eab33525d08d6e5fb8d27136e95/1/3/131889_PINK_1.jpg', 'https://d2xe6rib7hqydz.cloudfront.net/store/media/catalog/product/cache/1/image/9df78eab33525d08d6e5fb8d27136e95/1/3/131889_PINK_2.jpg']",27,all,1,https://www.stussy.com/us/stock-taslan-strapback-cap?color_hat=225
Stock Taslan Strapback Cap,stock-taslan-strapback-cap-639-neon yellow,$40.00,$0,Neon Yellow,['all'],"['Mid Crown 6 panel silhouette with stitched brim, embroidered logo and eyelets.', 'Adjustable snapback closure', '100% Nylon', 'Imported', 'One size fits most']","['https://d2xe6rib7hqydz.cloudfront.net/store/media/catalog/product/cache/1/image/9df78eab33525d08d6e5fb8d27136e95/1/3/131889_NEOY_1.jpg', 'https://d2xe6rib7hqydz.cloudfront.net/store/media/catalog/product/cache/1/image/9df78eab33525d08d6e5fb8d27136e95/1/3/131889_NEOY_2.jpg']",27,all,1,https://www.stussy.com/us/stock-taslan-strapback-cap?color_hat=225
Basic Cuff Beanie,basic-cuff-beanie-116027-225-black,$35.00,$0,Black,['all'],"['Regular fit beanie with lightweight ribbed body and embroidered logo.', '100% acrylic', 'Imported', 'One size fits most']","['https://d2xe6rib7hqydz.cloudfront.net/store/media/catalog/product/cache/1/image/9df78eab33525d08d6e5fb8d27136e95/1/3/132931_BLAC_1.jpg', 'https://d2xe6rib7hqydz.cloudfront.net/store/media/catalog/product/cache/1/image/9df78eab33525d08d6e5fb8d27136e95/1/3/132931_BLAC_2.jpg']",28,all,1,https://www.stussy.com/us/basic-cuff-beanie-116027?color_hat=225
Basic Cuff Beanie,basic-cuff-beanie-116027-417-mint,$35.00,$0,Mint,['all'],"['Regular fit beanie with lightweight ribbed body and embroidered logo.', '100% acrylic', 'Imported', 'One size fits most']","['https://d2xe6rib7hqydz.cloudfront.net/store/media/catalog/product/cache/1/image/9df78eab33525d08d6e5fb8d27136e95/1/3/132931_MINT_1.jpg', 'https://d2xe6rib7hqydz.cloudfront.net/store/media/catalog/product/cache/1/image/9df78eab33525d08d6e5fb8d27136e95/1/3/132931_MINT_2.jpg']",28,all,1,https://www.stussy.com/us/basic-cuff-beanie-116027?color_hat=225
Burly Arch Low Pro Cap,burly-arch-low-pro-cap-225-black,$36.00,$0,Black,['all'],"['Low Crown Structured 6 panel with an embroidered logo.', 'Adjustable nylon strapback closure', '100% Cotton', 'Imported', 'One size fits most']","['https://d2xe6rib7hqydz.cloudfront.net/store/media/catalog/product/cache/1/image/9df78eab33525d08d6e5fb8d27136e95/3/3/331212_BLAC_1.jpg', 'https://d2xe6rib7hqydz.cloudfront.net/store/media/catalog/product/cache/1/image/9df78eab33525d08d6e5fb8d27136e95/3/3/331212_BLAC_2.jpg']",29,all,1,https://www.stussy.com/us/burly-arch-low-pro-cap?color_hat=225
Burly Arch Low Pro Cap,burly-arch-low-pro-cap-280-navy,$36.00,$0,Navy,['all'],"['Low Crown Structured 6 panel with an embroidered logo.', 'Adjustable nylon strapback closure', '100% Cotton', 'Imported', 'One size fits most']","['https://d2xe6rib7hqydz.cloudfront.net/store/media/catalog/product/cache/1/image/9df78eab33525d08d6e5fb8d27136e95/3/3/331212_NAVY_1.jpg', 'https://d2xe6rib7hqydz.cloudfront.net/store/media/catalog/product/cache/1/image/9df78eab33525d08d6e5fb8d27136e95/3/3/331212_NAVY_2.jpg']",29,all,1,https://www.stussy.com/us/burly-arch-low-pro-cap?color_hat=225
Burly Arch Low Pro Cap,burly-arch-low-pro-cap-325-yellow,$36.00,$0,Yellow,['all'],"['Low Crown Structured 6 panel with an embroidered logo.', 'Adjustable nylon strapback closure', '100% Cotton', 'Imported', 'One size fits most']","['https://d2xe6rib7hqydz.cloudfront.net/store/media/catalog/product/cache/1/image/9df78eab33525d08d6e5fb8d27136e95/3/3/331212_YELO_1.jpg', 'https://d2xe6rib7hqydz.cloudfront.net/store/media/catalog/product/cache/1/image/9df78eab33525d08d6e5fb8d27136e95/3/3/331212_YELO_2.jpg']",29,all,1,https://www.stussy.com/us/burly-arch-low-pro-cap?color_hat=225
Stock Low Pro Cap,stock-low-pro-cap-117389-260-green,$40.00,$0,Green,['all'],"['Low Crown Structured 6 panel with stock embroidered logo.', 'Adjustable strapback closure', '100% Cotton', 'Imported', 'One size fits most']","['https://d2xe6rib7hqydz.cloudfront.net/store/media/catalog/product/cache/1/image/9df78eab33525d08d6e5fb8d27136e95/1/3/131863_GREN_1.jpg', 'https://d2xe6rib7hqydz.cloudfront.net/store/media/catalog/product/cache/1/image/9df78eab33525d08d6e5fb8d27136e95/1/3/131863_GREN_2.jpg']",30,all,1,https://www.stussy.com/us/stock-low-pro-cap-117389?color_hat=287
Stock Low Pro Cap,stock-low-pro-cap-117389-280-navy,$40.00,$0,Navy,['all'],"['Low Crown Structured 6 panel with stock embroidered logo.', 'Adjustable strapback closure', '100% Cotton', 'Imported', 'One size fits most']","['https://d2xe6rib7hqydz.cloudfront.net/store/media/catalog/product/cache/1/image/9df78eab33525d08d6e5fb8d27136e95/1/3/131863_NAVY_1.jpg', 'https://d2xe6rib7hqydz.cloudfront.net/store/media/catalog/product/cache/1/image/9df78eab33525d08d6e5fb8d27136e95/1/3/131863_NAVY_2.jpg']",30,all,1,https://www.stussy.com/us/stock-low-pro-cap-117389?color_hat=287
Stock Low Pro Cap,stock-low-pro-cap-117389-287-orange,$40.00,$0,Orange,['all'],"['Low Crown Structured 6 panel with stock embroidered logo.', 'Adjustable strapback closure', '100% Cotton', 'Imported', 'One size fits most']","['https://d2xe6rib7hqydz.cloudfront.net/store/media/catalog/product/cache/1/image/9df78eab33525d08d6e5fb8d27136e95/1/3/131863_ORAN_1.jpg', 'https://d2xe6rib7hqydz.cloudfront.net/store/media/catalog/product/cache/1/image/9df78eab33525d08d6e5fb8d27136e95/1/3/131863_ORAN_2.jpg']",30,all,1,https://www.stussy.com/us/stock-low-pro-cap-117389?color_hat=287
Stock Low Pro Cap,stock-low-pro-cap-117389-605-lavender,$40.00,$0,Lavender,['all'],"['Low Crown Structured 6 panel with stock embroidered logo.', 'Adjustable strapback closure', '100% Cotton', 'Imported', 'One size fits most']","['https://d2xe6rib7hqydz.cloudfront.net/store/media/catalog/product/cache/1/image/9df78eab33525d08d6e5fb8d27136e95/1/3/131863_LAVE_1.jpg', 'https://d2xe6rib7hqydz.cloudfront.net/store/media/catalog/product/cache/1/image/9df78eab33525d08d6e5fb8d27136e95/1/3/131863_LAVE_2.jpg']",30,all,1,https://www.stussy.com/us/stock-low-pro-cap-117389?color_hat=287
Stüssy © Bucket Hat,stussy-c-bucket-hat-225-black,$45.00,$0,Black,"['S/M', 'L/XL']","['Regular fit bucket hat with embroidered logo and downward facing brim.', 'Embroidered eyelets', 'Crown liner ', '100% cotton', 'Imported']","['https://d2xe6rib7hqydz.cloudfront.net/store/media/catalog/product/cache/1/image/9df78eab33525d08d6e5fb8d27136e95/3/3/332090_BLAC_1.jpg', 'https://d2xe6rib7hqydz.cloudfront.net/store/media/catalog/product/cache/1/image/9df78eab33525d08d6e5fb8d27136e95/3/3/332090_BLAC_2.jpg']",31,all,1,https://www.stussy.com/us/stussy-c-bucket-hat?color_hat=225
Stüssy © Bucket Hat,stussy-c-bucket-hat-283-off white,$45.00,$0,Off White,"['S/M', 'L/XL']","['Regular fit bucket hat with embroidered logo and downward facing brim.', 'Embroidered eyelets', 'Crown liner ', '100% cotton', 'Imported']","['https://d2xe6rib7hqydz.cloudfront.net/store/media/catalog/product/cache/1/image/9df78eab33525d08d6e5fb8d27136e95/3/3/332090_OFFW_1.jpg', 'https://d2xe6rib7hqydz.cloudfront.net/store/media/catalog/product/cache/1/image/9df78eab33525d08d6e5fb8d27136e95/3/3/332090_OFFW_2.jpg']",31,all,1,https://www.stussy.com/us/stussy-c-bucket-hat?color_hat=225
Stock Bucket Hat,stock-bucket-hat-225-black,$40.00,$0,Black,"['S/M', 'L/XL']","['Embroidered logo', 'Embroidered eyelets', 'Crown liner ', ' Downward facing brim', '100% cotton', 'Imported']","['https://d2xe6rib7hqydz.cloudfront.net/store/media/catalog/product/cache/1/image/9df78eab33525d08d6e5fb8d27136e95/1/3/132917_BLAC_1.jpg', 'https://d2xe6rib7hqydz.cloudfront.net/store/media/catalog/product/cache/1/image/9df78eab33525d08d6e5fb8d27136e95/1/3/132917_BLAC_2.jpg']",32,all,1,https://www.stussy.com/us/stock-bucket-hat?color_hat=225
Stock Bucket Hat,stock-bucket-hat-280-navy,$40.00,$0,Navy,"['S/M', 'L/XL']","['Embroidered logo', 'Embroidered eyelets', 'Crown liner ', ' Downward facing brim', '100% cotton', 'Imported']","['https://d2xe6rib7hqydz.cloudfront.net/store/media/catalog/product/cache/1/image/9df78eab33525d08d6e5fb8d27136e95/1/3/132917_NAVY_1.jpg', 'https://d2xe6rib7hqydz.cloudfront.net/store/media/catalog/product/cache/1/image/9df78eab33525d08d6e5fb8d27136e95/1/3/132917_NAVY_2.jpg']",32,all,1,https://www.stussy.com/us/stock-bucket-hat?color_hat=225
Stock Bucket Hat,stock-bucket-hat-289-peach,$40.00,$0,Peach,"['S/M', 'L/XL']","['Embroidered logo', 'Embroidered eyelets', 'Crown liner ', ' Downward facing brim', '100% cotton', 'Imported']","['https://d2xe6rib7hqydz.cloudfront.net/store/media/catalog/product/cache/1/image/9df78eab33525d08d6e5fb8d27136e95/1/3/132917_PEAC_1.jpg', 'https://d2xe6rib7hqydz.cloudfront.net/store/media/catalog/product/cache/1/image/9df78eab33525d08d6e5fb8d27136e95/1/3/132917_PEAC_2.jpg']",32,all,1,https://www.stussy.com/us/stock-bucket-hat?color_hat=225
Stock Bucket Hat,stock-bucket-hat-586-lime,$40.00,$0,Lime,"['S/M', 'L/XL']","['Embroidered logo', 'Embroidered eyelets', 'Crown liner ', ' Downward facing brim', '100% cotton', 'Imported']","['https://d2xe6rib7hqydz.cloudfront.net/store/media/catalog/product/cache/1/image/9df78eab33525d08d6e5fb8d27136e95/1/3/132917_LIME_1.jpg', 'https://d2xe6rib7hqydz.cloudfront.net/store/media/catalog/product/cache/1/image/9df78eab33525d08d6e5fb8d27136e95/1/3/132917_LIME_2.jpg']",32,all,1,https://www.stussy.com/us/stock-bucket-hat?color_hat=225
Stock Snapback,stock-snapback-117043-225-black,$40.00,$0,Black,['all'],"['Mid Crown 6 panel silhouette with stitched brim, embroidered logo and eyelets.', 'Adjustable snapback closure', '100% Polyester', 'Imported', 'One size fits most']","['https://d2xe6rib7hqydz.cloudfront.net/store/media/catalog/product/cache/1/image/9df78eab33525d08d6e5fb8d27136e95/1/3/131868_BLAC_1_1.jpg', 'https://d2xe6rib7hqydz.cloudfront.net/store/media/catalog/product/cache/1/image/9df78eab33525d08d6e5fb8d27136e95/1/3/131868_BLAC_2.jpg']",33,all,1,https://www.stussy.com/us/stock-snapback-117043?color_hat=586
Stock Snapback,stock-snapback-117043-298-royal blue,$40.00,$0,Royal Blue,['all'],"['Mid Crown 6 panel silhouette with stitched brim, embroidered logo and eyelets.', 'Adjustable snapback closure', '100% Polyester', 'Imported', 'One size fits most']","['https://d2xe6rib7hqydz.cloudfront.net/store/media/catalog/product/cache/1/image/9df78eab33525d08d6e5fb8d27136e95/1/3/131868_ROYL_1_1.jpg', 'https://d2xe6rib7hqydz.cloudfront.net/store/media/catalog/product/cache/1/image/9df78eab33525d08d6e5fb8d27136e95/1/3/131868_ROYL_2.jpg']",33,all,1,https://www.stussy.com/us/stock-snapback-117043?color_hat=586
Stock Snapback,stock-snapback-117043-586-lime,$40.00,$0,Lime,['all'],"['Mid Crown 6 panel silhouette with stitched brim, embroidered logo and eyelets.', 'Adjustable snapback closure', '100% Polyester', 'Imported', 'One size fits most']","['https://d2xe6rib7hqydz.cloudfront.net/store/media/catalog/product/cache/1/image/9df78eab33525d08d6e5fb8d27136e95/1/3/131868_LIME_1.jpg', 'https://d2xe6rib7hqydz.cloudfront.net/store/media/catalog/product/cache/1/image/9df78eab33525d08d6e5fb8d27136e95/1/3/131868_LIME_2.jpg']",33,all,1,https://www.stussy.com/us/stock-snapback-117043?color_hat=586
Stock Snapback,stock-snapback-117043-605-lavender,$40.00,$0,Lavender,['all'],"['Mid Crown 6 panel silhouette with stitched brim, embroidered logo and eyelets.', 'Adjustable snapback closure', '100% Polyester', 'Imported', 'One size fits most']","['https://d2xe6rib7hqydz.cloudfront.net/store/media/catalog/product/cache/1/image/9df78eab33525d08d6e5fb8d27136e95/1/3/131868_LAVE_1_1.jpg', 'https://d2xe6rib7hqydz.cloudfront.net/store/media/catalog/product/cache/1/image/9df78eab33525d08d6e5fb8d27136e95/1/3/131868_LAVE_2.jpg']",33,all,1,https://www.stussy.com/us/stock-snapback-117043?color_hat=586
Arren Felt Beret (Wmns),arren-felt-beret-225-black,$35.00,$0,Black,"['XS/S', 'M/L']","[""Women's beret"", 'Flat crown', 'Flat bill', 'Embroidered logo', '100% wool', 'Imported', 'XS/S, M/L']","['https://d2xe6rib7hqydz.cloudfront.net/store/media/catalog/product/cache/1/image/9df78eab33525d08d6e5fb8d27136e95/2/3/232197_BLAC_1.jpg', 'https://d2xe6rib7hqydz.cloudfront.net/store/media/catalog/product/cache/1/image/9df78eab33525d08d6e5fb8d27136e95/2/3/232197_BLAC_2.jpg']",34,all,1,https://www.stussy.com/us/arren-felt-beret?color_hat=225
Arren Felt Beret (Wmns),arren-felt-beret-242-creme,$35.00,$0,Creme,"['XS/S', 'M/L']","[""Women's beret"", 'Flat crown', 'Flat bill', 'Embroidered logo', '100% wool', 'Imported', 'XS/S, M/L']","['https://d2xe6rib7hqydz.cloudfront.net/store/media/catalog/product/cache/1/image/9df78eab33525d08d6e5fb8d27136e95/2/3/232197_CREM_1.jpg', 'https://d2xe6rib7hqydz.cloudfront.net/store/media/catalog/product/cache/1/image/9df78eab33525d08d6e5fb8d27136e95/2/3/232197_CREM_2.jpg']",34,all,1,https://www.stussy.com/us/arren-felt-beret?color_hat=225
Arren Felt Beret (Wmns),arren-felt-beret-586-lime,$35.00,$0,Lime,"['XS/S', 'M/L']","[""Women's beret"", 'Flat crown', 'Flat bill', 'Embroidered logo', '100% wool', 'Imported', 'XS/S, M/L']","['https://d2xe6rib7hqydz.cloudfront.net/store/media/catalog/product/cache/1/image/9df78eab33525d08d6e5fb8d27136e95/2/3/232197_LIME_1.jpg', 'https://d2xe6rib7hqydz.cloudfront.net/store/media/catalog/product/cache/1/image/9df78eab33525d08d6e5fb8d27136e95/2/3/232197_LIME_2.jpg']",34,all,1,https://www.stussy.com/us/arren-felt-beret?color_hat=225
Arren Felt Beret (Wmns),arren-felt-beret-605-lavender,$35.00,$0,Lavender,"['XS/S', 'M/L']","[""Women's beret"", 'Flat crown', 'Flat bill', 'Embroidered logo', '100% wool', 'Imported', 'XS/S, M/L']","['https://d2xe6rib7hqydz.cloudfront.net/store/media/catalog/product/cache/1/image/9df78eab33525d08d6e5fb8d27136e95/2/3/232197_LAVE_1.jpg', 'https://d2xe6rib7hqydz.cloudfront.net/store/media/catalog/product/cache/1/image/9df78eab33525d08d6e5fb8d27136e95/2/3/232197_LAVE_2.jpg']",34,all,1,https://www.stussy.com/us/arren-felt-beret?color_hat=225
Bars Logo Low Pro Cap,bars-logo-low-pro-cap-225-black,$40.00,$0,Black,['all'],"['Low Crown Structured 6 panel with an embroidered logo.', 'Adjustable nylon strapback closure', '80% Nylon/ 20% Polyester', 'Imported', 'One size fits most']","['https://d2xe6rib7hqydz.cloudfront.net/store/media/catalog/product/cache/1/image/9df78eab33525d08d6e5fb8d27136e95/1/3/131860_BLAC_1.jpg', 'https://d2xe6rib7hqydz.cloudfront.net/store/media/catalog/product/cache/1/image/9df78eab33525d08d6e5fb8d27136e95/1/3/131860_BLAC_2.jpg']",35,all,1,https://www.stussy.com/us/bars-logo-low-pro-cap?color_hat=225
Bars Logo Low Pro Cap,bars-logo-low-pro-cap-227-blue,$40.00,$0,Blue,['all'],"['Low Crown Structured 6 panel with an embroidered logo.', 'Adjustable nylon strapback closure', '80% Nylon/ 20% Polyester', 'Imported', 'One size fits most']","['https://d2xe6rib7hqydz.cloudfront.net/store/media/catalog/product/cache/1/image/9df78eab33525d08d6e5fb8d27136e95/1/3/131860_BLUE_1.jpg', 'https://d2xe6rib7hqydz.cloudfront.net/store/media/catalog/product/cache/1/image/9df78eab33525d08d6e5fb8d27136e95/1/3/131860_BLUE_2.jpg']",35,all,1,https://www.stussy.com/us/bars-logo-low-pro-cap?color_hat=225
Bars Logo Low Pro Cap,bars-logo-low-pro-cap-295-red,$40.00,$0,Red,['all'],"['Low Crown Structured 6 panel with an embroidered logo.', 'Adjustable nylon strapback closure', '80% Nylon/ 20% Polyester', 'Imported', 'One size fits most']","['https://d2xe6rib7hqydz.cloudfront.net/store/media/catalog/product/cache/1/image/9df78eab33525d08d6e5fb8d27136e95/1/3/131860_REDD_1.jpg', 'https://d2xe6rib7hqydz.cloudfront.net/store/media/catalog/product/cache/1/image/9df78eab33525d08d6e5fb8d27136e95/1/3/131860_REDD_2.jpg']",35,all,1,https://www.stussy.com/us/bars-logo-low-pro-cap?color_hat=225
Bars Logo Low Pro Cap,bars-logo-low-pro-cap-325-yellow,$40.00,$0,Yellow,['all'],"['Low Crown Structured 6 panel with an embroidered logo.', 'Adjustable nylon strapback closure', '80% Nylon/ 20% Polyester', 'Imported', 'One size fits most']","['https://d2xe6rib7hqydz.cloudfront.net/store/media/catalog/product/cache/1/image/9df78eab33525d08d6e5fb8d27136e95/1/3/131860_YELO_1.jpg', 'https://d2xe6rib7hqydz.cloudfront.net/store/media/catalog/product/cache/1/image/9df78eab33525d08d6e5fb8d27136e95/1/3/131860_YELO_2.jpg']",35,all,1,https://www.stussy.com/us/bars-logo-low-pro-cap?color_hat=225
Small Patch Watch Cap Beanie,small-patch-watch-cap-beanie-114050-225-black,$35.00,$0,Black,['all'],"['6 point beanie with ribbed construction', 'Lightweight body', 'Black patched logo', '100% Acrylic', 'Imported', 'One size fits most']","['https://d2xe6rib7hqydz.cloudfront.net/store/media/catalog/product/cache/1/image/9df78eab33525d08d6e5fb8d27136e95/1/3/132914_BLAC_1.jpg', 'https://d2xe6rib7hqydz.cloudfront.net/store/media/catalog/product/cache/1/image/9df78eab33525d08d6e5fb8d27136e95/1/3/132914_BLAC_2.jpg']",36,all,1,https://www.stussy.com/us/small-patch-watch-cap-beanie-114050?color_hat=225
Small Patch Watch Cap Beanie,small-patch-watch-cap-beanie-114050-260-green,$35.00,$0,Green,['all'],"['6 point beanie with ribbed construction', 'Lightweight body', 'Black patched logo', '100% Acrylic', 'Imported', 'One size fits most']","['https://d2xe6rib7hqydz.cloudfront.net/store/media/catalog/product/cache/1/image/9df78eab33525d08d6e5fb8d27136e95/1/3/132914_GREN_1.jpg', 'https://d2xe6rib7hqydz.cloudfront.net/store/media/catalog/product/cache/1/image/9df78eab33525d08d6e5fb8d27136e95/1/3/132914_GREN_2.jpg']",36,all,1,https://www.stussy.com/us/small-patch-watch-cap-beanie-114050?color_hat=225
Small Patch Watch Cap Beanie,small-patch-watch-cap-beanie-114050-280-navy,$35.00,$0,Navy,['all'],"['6 point beanie with ribbed construction', 'Lightweight body', 'Black patched logo', '100% Acrylic', 'Imported', 'One size fits most']","['https://d2xe6rib7hqydz.cloudfront.net/store/media/catalog/product/cache/1/image/9df78eab33525d08d6e5fb8d27136e95/1/3/132914_NAVY_1.jpg', 'https://d2xe6rib7hqydz.cloudfront.net/store/media/catalog/product/cache/1/image/9df78eab33525d08d6e5fb8d27136e95/1/3/132914_NAVY_2.jpg']",36,all,1,https://www.stussy.com/us/small-patch-watch-cap-beanie-114050?color_hat=225
Small Patch Watch Cap Beanie,small-patch-watch-cap-beanie-114050-287-orange,$35.00,$0,Orange,['all'],"['6 point beanie with ribbed construction', 'Lightweight body', 'Black patched logo', '100% Acrylic', 'Imported', 'One size fits most']","['https://d2xe6rib7hqydz.cloudfront.net/store/media/catalog/product/cache/1/image/9df78eab33525d08d6e5fb8d27136e95/1/3/132914_ORAN_1.jpg', 'https://d2xe6rib7hqydz.cloudfront.net/store/media/catalog/product/cache/1/image/9df78eab33525d08d6e5fb8d27136e95/1/3/132914_ORAN_2.jpg']",36,all,1,https://www.stussy.com/us/small-patch-watch-cap-beanie-114050?color_hat=225
Bungee Bucket Hat,bungee-bucket-hat-225-black,$50.00,$0,Black,"['S/M', 'L/XL']","['Mid Crown bucket hat with embroidered logo and bungee tightening cord.', 'Downward facing brim with crown liner', 'Hidden neck flap', '100% Cotton', 'Imported']","['https://d2xe6rib7hqydz.cloudfront.net/store/media/catalog/product/cache/1/image/9df78eab33525d08d6e5fb8d27136e95/1/3/132916_BLAC_1.jpg', 'https://d2xe6rib7hqydz.cloudfront.net/store/media/catalog/product/cache/1/image/9df78eab33525d08d6e5fb8d27136e95/1/3/132916_BLAC_2.jpg']",37,all,1,https://www.stussy.com/us/bungee-bucket-hat?color_hat=225
Bungee Bucket Hat,bungee-bucket-hat-287-orange,$50.00,$0,Orange,"['S/M', 'L/XL']","['Mid Crown bucket hat with embroidered logo and bungee tightening cord.', 'Downward facing brim with crown liner', 'Hidden neck flap', '100% Cotton', 'Imported']","['https://d2xe6rib7hqydz.cloudfront.net/store/media/catalog/product/cache/1/image/9df78eab33525d08d6e5fb8d27136e95/1/3/132916_ORAN_1.jpg', 'https://d2xe6rib7hqydz.cloudfront.net/store/media/catalog/product/cache/1/image/9df78eab33525d08d6e5fb8d27136e95/1/3/132916_ORAN_2.jpg']",37,all,1,https://www.stussy.com/us/bungee-bucket-hat?color_hat=225
Bungee Bucket Hat,bungee-bucket-hat-308-tan,$50.00,$0,Tan,"['S/M', 'L/XL']","['Mid Crown bucket hat with embroidered logo and bungee tightening cord.', 'Downward facing brim with crown liner', 'Hidden neck flap', '100% Cotton', 'Imported']","['https://d2xe6rib7hqydz.cloudfront.net/store/media/catalog/product/cache/1/image/9df78eab33525d08d6e5fb8d27136e95/1/3/132916_TANN_1.jpg', 'https://d2xe6rib7hqydz.cloudfront.net/store/media/catalog/product/cache/1/image/9df78eab33525d08d6e5fb8d27136e95/1/3/132916_TANN_2.jpg']",37,all,1,https://www.stussy.com/us/bungee-bucket-hat?color_hat=225
Stock Fitted Low Cap,stock-fitted-low-cap-225-black,$40.00,$0,Black,"['S/M', 'L/XL']","['Mid crown structured 6 panel low cap with embroidered logo.', '98% cotton/ 2% spandex', 'Imported', 'One size fits most']","['https://d2xe6rib7hqydz.cloudfront.net/store/media/catalog/product/cache/1/image/9df78eab33525d08d6e5fb8d27136e95/1/3/131859_BLAC_1.jpg', 'https://d2xe6rib7hqydz.cloudfront.net/store/media/catalog/product/cache/1/image/9df78eab33525d08d6e5fb8d27136e95/1/3/131859_BLAC_2.jpg']",38,all,1,https://www.stussy.com/us/stock-fitted-low-cap?color_hat=225
Stock Fitted Low Cap,stock-fitted-low-cap-227-blue,$40.00,$0,Blue,"['S/M', 'L/XL']","['Mid crown structured 6 panel low cap with embroidered logo.', '98% cotton/ 2% spandex', 'Imported', 'One size fits most']","['https://d2xe6rib7hqydz.cloudfront.net/store/media/catalog/product/cache/1/image/9df78eab33525d08d6e5fb8d27136e95/1/3/131859_BLUE_1.jpg', 'https://d2xe6rib7hqydz.cloudfront.net/store/media/catalog/product/cache/1/image/9df78eab33525d08d6e5fb8d27136e95/1/3/131859_BLUE_2.jpg']",38,all,1,https://www.stussy.com/us/stock-fitted-low-cap?color_hat=225
Stock Fitted Low Cap,stock-fitted-low-cap-287-orange,$40.00,$0,Orange,"['S/M', 'L/XL']","['Mid crown structured 6 panel low cap with embroidered logo.', '98% cotton/ 2% spandex', 'Imported', 'One size fits most']","['https://d2xe6rib7hqydz.cloudfront.net/store/media/catalog/product/cache/1/image/9df78eab33525d08d6e5fb8d27136e95/1/3/131859_ORAN_1.jpg', 'https://d2xe6rib7hqydz.cloudfront.net/store/media/catalog/product/cache/1/image/9df78eab33525d08d6e5fb8d27136e95/1/3/131859_ORAN_2.jpg']",38,all,1,https://www.stussy.com/us/stock-fitted-low-cap?color_hat=225
Basic Cuff Beanie,basic-cuff-beanie-225-black,$35.00,$0,Black,['all'],"['Regular fit beanie with lightweight ribbed body and embroidered logo.', '100% acrylic', 'Imported', 'One size fits most']","['https://d2xe6rib7hqydz.cloudfront.net/store/media/catalog/product/cache/1/image/9df78eab33525d08d6e5fb8d27136e95/1/3/132922_BLAC_1.jpg', 'https://d2xe6rib7hqydz.cloudfront.net/store/media/catalog/product/cache/1/image/9df78eab33525d08d6e5fb8d27136e95/1/3/132922_BLAC_2.jpg']",39,all,1,https://www.stussy.com/us/basic-cuff-beanie?color_hat=225
Basic Cuff Beanie,basic-cuff-beanie-227-blue,$35.00,$0,Blue,['all'],"['Regular fit beanie with lightweight ribbed body and embroidered logo.', '100% acrylic', 'Imported', 'One size fits most']","['https://d2xe6rib7hqydz.cloudfront.net/store/media/catalog/product/cache/1/image/9df78eab33525d08d6e5fb8d27136e95/1/3/132922_BLUE_1.jpg', 'https://d2xe6rib7hqydz.cloudfront.net/store/media/catalog/product/cache/1/image/9df78eab33525d08d6e5fb8d27136e95/1/3/132922_BLUE_2.jpg']",39,all,1,https://www.stussy.com/us/basic-cuff-beanie?color_hat=225
Basic Cuff Beanie,basic-cuff-beanie-289-peach,$35.00,$0,Peach,['all'],"['Regular fit beanie with lightweight ribbed body and embroidered logo.', '100% acrylic', 'Imported', 'One size fits most']","['https://d2xe6rib7hqydz.cloudfront.net/store/media/catalog/product/cache/1/image/9df78eab33525d08d6e5fb8d27136e95/1/3/132922_PEAC_1.jpg', 'https://d2xe6rib7hqydz.cloudfront.net/store/media/catalog/product/cache/1/image/9df78eab33525d08d6e5fb8d27136e95/1/3/132922_PEAC_2.jpg']",39,all,1,https://www.stussy.com/us/basic-cuff-beanie?color_hat=225
Basic Cuff Beanie,basic-cuff-beanie-295-red,$35.00,$0,Red,['all'],"['Regular fit beanie with lightweight ribbed body and embroidered logo.', '100% acrylic', 'Imported', 'One size fits most']","['https://d2xe6rib7hqydz.cloudfront.net/store/media/catalog/product/cache/1/image/9df78eab33525d08d6e5fb8d27136e95/1/3/132922_REDD_1.jpg', 'https://d2xe6rib7hqydz.cloudfront.net/store/media/catalog/product/cache/1/image/9df78eab33525d08d6e5fb8d27136e95/1/3/132922_REDD_2.jpg']",39,all,1,https://www.stussy.com/us/basic-cuff-beanie?color_hat=225
Basic Cuff Beanie,basic-cuff-beanie-586-lime,$35.00,$0,Lime,['all'],"['Regular fit beanie with lightweight ribbed body and embroidered logo.', '100% acrylic', 'Imported', 'One size fits most']","['https://d2xe6rib7hqydz.cloudfront.net/store/media/catalog/product/cache/1/image/9df78eab33525d08d6e5fb8d27136e95/1/3/132922_LIME_1.jpg', 'https://d2xe6rib7hqydz.cloudfront.net/store/media/catalog/product/cache/1/image/9df78eab33525d08d6e5fb8d27136e95/1/3/132922_LIME_2.jpg']",39,all,1,https://www.stussy.com/us/basic-cuff-beanie?color_hat=225
Washed Cord Snapback,washed-cord-snapback-225-black,$40.00,$0,Black,['all'],"['High Crown Structured 5 panel with type embroidered logo.', 'Embroidered logo', 'Adjustable snapback closure', '95% Polyeseter/ 5% Nylon', 'Imported', 'One size fits most']","['https://d2xe6rib7hqydz.cloudfront.net/store/media/catalog/product/cache/1/image/9df78eab33525d08d6e5fb8d27136e95/1/3/131870_BLAC_1.jpg', 'https://d2xe6rib7hqydz.cloudfront.net/store/media/catalog/product/cache/1/image/9df78eab33525d08d6e5fb8d27136e95/1/3/131870_BLAC_2.jpg']",40,all,1,https://www.stussy.com/us/washed-cord-snapback?color_hat=225
Washed Cord Snapback,washed-cord-snapback-295-red,$40.00,$0,Red,['all'],"['High Crown Structured 5 panel with type embroidered logo.', 'Embroidered logo', 'Adjustable snapback closure', '95% Polyeseter/ 5% Nylon', 'Imported', 'One size fits most']","['https://d2xe6rib7hqydz.cloudfront.net/store/media/catalog/product/cache/1/image/9df78eab33525d08d6e5fb8d27136e95/1/3/131870_REDD_1.jpg', 'https://d2xe6rib7hqydz.cloudfront.net/store/media/catalog/product/cache/1/image/9df78eab33525d08d6e5fb8d27136e95/1/3/131870_REDD_2.jpg']",40,all,1,https://www.stussy.com/us/washed-cord-snapback?color_hat=225
Myrtle Sunguard Camp Cap (Wmns),w-s-myrtle-sunguard-camp-cap-283-off white,$45.00,$0,Off White,"['XS/S', 'M/L']","['Low Crown 5 panel silhouette with stitched brim and patched logo.', 'Adjustable buckle closure', '60% Polyester/ 40% Nylon', 'Imported', 'XS/S - M/L']","['https://d2xe6rib7hqydz.cloudfront.net/store/media/catalog/product/cache/1/image/9df78eab33525d08d6e5fb8d27136e95/2/3/232216_OFFW_1_1.jpg', 'https://d2xe6rib7hqydz.cloudfront.net/store/media/catalog/product/cache/1/image/9df78eab33525d08d6e5fb8d27136e95/2/3/232216_OFFW_2.jpg']",41,all,1,https://www.stussy.com/us/w-s-myrtle-sunguard-camp-cap?color_hat=566
Myrtle Sunguard Camp Cap (Wmns),w-s-myrtle-sunguard-camp-cap-566-slate,$45.00,$0,Slate,"['XS/S', 'M/L']","['Low Crown 5 panel silhouette with stitched brim and patched logo.', 'Adjustable buckle closure', '60% Polyester/ 40% Nylon', 'Imported', 'XS/S - M/L']","['https://d2xe6rib7hqydz.cloudfront.net/store/media/catalog/product/cache/1/image/9df78eab33525d08d6e5fb8d27136e95/2/3/232216_SLAT_1.jpg', 'https://d2xe6rib7hqydz.cloudfront.net/store/media/catalog/product/cache/1/image/9df78eab33525d08d6e5fb8d27136e95/2/3/232216_SLAT_2.jpg']",41,all,1,https://www.stussy.com/us/w-s-myrtle-sunguard-camp-cap?color_hat=566
Two Tone Bungee Camp Cap,two-tone-bungee-camp-cap-225-black,$45.00,$0,Black,"['S/M', 'L/XL']","['Low Crown 5 panel silhouette with stitched brim and embroidered logo/eyelets.', 'Adjustable buckle closure', 'Bungee fitting', 'Neck flap', '92% Nylon/ 8% Elastane', 'Imported', 'S/M- L/XL']","['https://d2xe6rib7hqydz.cloudfront.net/store/media/catalog/product/cache/1/image/9df78eab33525d08d6e5fb8d27136e95/1/3/132918_BLAC_1.jpg', 'https://d2xe6rib7hqydz.cloudfront.net/store/media/catalog/product/cache/1/image/9df78eab33525d08d6e5fb8d27136e95/1/3/132918_BLAC_2.jpg']",42,all,1,https://www.stussy.com/us/two-tone-bungee-camp-cap?color_hat=225
Two Tone Bungee Camp Cap,two-tone-bungee-camp-cap-260-green,$45.00,$0,Green,"['S/M', 'L/XL']","['Low Crown 5 panel silhouette with stitched brim and embroidered logo/eyelets.', 'Adjustable buckle closure', 'Bungee fitting', 'Neck flap', '92% Nylon/ 8% Elastane', 'Imported', 'S/M- L/XL']","['https://d2xe6rib7hqydz.cloudfront.net/store/media/catalog/product/cache/1/image/9df78eab33525d08d6e5fb8d27136e95/1/3/132918_GREN_1.jpg', 'https://d2xe6rib7hqydz.cloudfront.net/store/media/catalog/product/cache/1/image/9df78eab33525d08d6e5fb8d27136e95/1/3/132918_GREN_2.jpg']",42,all,1,https://www.stussy.com/us/two-tone-bungee-camp-cap?color_hat=225
Two Tone Bungee Camp Cap,two-tone-bungee-camp-cap-280-navy,$45.00,$0,Navy,"['S/M', 'L/XL']","['Low Crown 5 panel silhouette with stitched brim and embroidered logo/eyelets.', 'Adjustable buckle closure', 'Bungee fitting', 'Neck flap', '92% Nylon/ 8% Elastane', 'Imported', 'S/M- L/XL']","['https://d2xe6rib7hqydz.cloudfront.net/store/media/catalog/product/cache/1/image/9df78eab33525d08d6e5fb8d27136e95/1/3/132918_NAVY_1.jpg', 'https://d2xe6rib7hqydz.cloudfront.net/store/media/catalog/product/cache/1/image/9df78eab33525d08d6e5fb8d27136e95/1/3/132918_NAVY_2.jpg']",42,all,1,https://www.stussy.com/us/two-tone-bungee-camp-cap?color_hat=225
Stock Nylon Strapback,stock-nylon-strapback-287-orange,$40.00,$0,Orange,['all'],"['Mid Crown 6 panel silhouette with stitched brim, embroidered logo and eyelets.', 'Adjustable snapback closure', '100% Nylon', 'Imported', 'One size fits most']","['https://d2xe6rib7hqydz.cloudfront.net/store/media/catalog/product/cache/1/image/9df78eab33525d08d6e5fb8d27136e95/1/3/131873_ORAN_1.jpg', 'https://d2xe6rib7hqydz.cloudfront.net/store/media/catalog/product/cache/1/image/9df78eab33525d08d6e5fb8d27136e95/1/3/131873_ORAN_2.jpg']",43,all,1,https://www.stussy.com/us/stock-nylon-strapback?color_hat=586
Stock Nylon Strapback,stock-nylon-strapback-304-silver,$40.00,$0,Silver,['all'],"['Mid Crown 6 panel silhouette with stitched brim, embroidered logo and eyelets.', 'Adjustable snapback closure', '100% Nylon', 'Imported', 'One size fits most']","['https://d2xe6rib7hqydz.cloudfront.net/store/media/catalog/product/cache/1/image/9df78eab33525d08d6e5fb8d27136e95/1/3/131873_SILV_1.jpg', 'https://d2xe6rib7hqydz.cloudfront.net/store/media/catalog/product/cache/1/image/9df78eab33525d08d6e5fb8d27136e95/1/3/131873_SILV_2.jpg']",43,all,1,https://www.stussy.com/us/stock-nylon-strapback?color_hat=586
Stock Nylon Strapback,stock-nylon-strapback-586-lime,$40.00,$0,Lime,['all'],"['Mid Crown 6 panel silhouette with stitched brim, embroidered logo and eyelets.', 'Adjustable snapback closure', '100% Nylon', 'Imported', 'One size fits most']","['https://d2xe6rib7hqydz.cloudfront.net/store/media/catalog/product/cache/1/image/9df78eab33525d08d6e5fb8d27136e95/1/3/131873_LIME_1.jpg', 'https://d2xe6rib7hqydz.cloudfront.net/store/media/catalog/product/cache/1/image/9df78eab33525d08d6e5fb8d27136e95/1/3/131873_LIME_2.jpg']",43,all,1,https://www.stussy.com/us/stock-nylon-strapback?color_hat=586
Stock Washed Canvas Snapback,stock-washed-canvas-snapback-225-black,$40.00,$0,Black,['all'],"['Mid Crown 6 panel silhouette with stitched brim, embroidered logo and eyelets.', 'Adjustable snapback closure', '100% Cotton', 'Imported', 'One size fits most']","['https://d2xe6rib7hqydz.cloudfront.net/store/media/catalog/product/cache/1/image/9df78eab33525d08d6e5fb8d27136e95/1/3/131869_BLAC_1.jpg', 'https://d2xe6rib7hqydz.cloudfront.net/store/media/catalog/product/cache/1/image/9df78eab33525d08d6e5fb8d27136e95/1/3/131869_BLAC_2.jpg']",44,all,1,https://www.stussy.com/us/stock-washed-canvas-snapback?color_hat=711
Stock Washed Canvas Snapback,stock-washed-canvas-snapback-285-olive,$40.00,$0,Olive,['all'],"['Mid Crown 6 panel silhouette with stitched brim, embroidered logo and eyelets.', 'Adjustable snapback closure', '100% Cotton', 'Imported', 'One size fits most']","['https://d2xe6rib7hqydz.cloudfront.net/store/media/catalog/product/cache/1/image/9df78eab33525d08d6e5fb8d27136e95/1/3/131869_GREN_1.jpg', 'https://d2xe6rib7hqydz.cloudfront.net/store/media/catalog/product/cache/1/image/9df78eab33525d08d6e5fb8d27136e95/1/3/131869_GREN_2.jpg']",44,all,1,https://www.stussy.com/us/stock-washed-canvas-snapback?color_hat=711
Stock Washed Canvas Snapback,stock-washed-canvas-snapback-711-berry,$40.00,$0,Berry,['all'],"['Mid Crown 6 panel silhouette with stitched brim, embroidered logo and eyelets.', 'Adjustable snapback closure', '100% Cotton', 'Imported', 'One size fits most']","['https://d2xe6rib7hqydz.cloudfront.net/store/media/catalog/product/cache/1/image/9df78eab33525d08d6e5fb8d27136e95/1/3/131869_BERR_1.jpg', 'https://d2xe6rib7hqydz.cloudfront.net/store/media/catalog/product/cache/1/image/9df78eab33525d08d6e5fb8d27136e95/1/3/131869_BERR_2.jpg']",44,all,1,https://www.stussy.com/us/stock-washed-canvas-snapback?color_hat=711
Aurora Washed Twill Bucket Hat (Wmns),w-s-aurora-washed-twill-bucket-hat-278-natural,$45.00,$0,Natural,"['XS/S', 'M/L']","['Mid crown bucket hat with downward facing brim and embroidered logo/eyelets.', '100% Cotton']","['https://d2xe6rib7hqydz.cloudfront.net/store/media/catalog/product/cache/1/image/9df78eab33525d08d6e5fb8d27136e95/2/3/232212_NATL_1.jpg', 'https://d2xe6rib7hqydz.cloudfront.net/store/media/catalog/product/cache/1/image/9df78eab33525d08d6e5fb8d27136e95/2/3/232212_NATL_2.jpg']",45,all,1,https://www.stussy.com/us/w-s-aurora-washed-twill-bucket-hat?color_hat=278
Aurora Washed Twill Bucket Hat (Wmns),w-s-aurora-washed-twill-bucket-hat-606-taupe,$45.00,$0,Taupe,"['XS/S', 'M/L']","['Mid crown bucket hat with downward facing brim and embroidered logo/eyelets.', '100% Cotton']","['https://d2xe6rib7hqydz.cloudfront.net/store/media/catalog/product/cache/1/image/9df78eab33525d08d6e5fb8d27136e95/2/3/232212_TAUP_1.jpg', 'https://d2xe6rib7hqydz.cloudfront.net/store/media/catalog/product/cache/1/image/9df78eab33525d08d6e5fb8d27136e95/2/3/232212_TAUP_2.jpg']",45,all,1,https://www.stussy.com/us/w-s-aurora-washed-twill-bucket-hat?color_hat=278
Glen Plaid Bucket Hat,glen-plaid-bucket-hat-225-black,$40.00,$0,Black,"['S/M', 'L/XL']","['Mid Crown bucket hat with embroidered logo and eyelets.', ' Downward facing brim with crown liner', '100% Polyester', 'Imported']","['https://d2xe6rib7hqydz.cloudfront.net/store/media/catalog/product/cache/1/image/9df78eab33525d08d6e5fb8d27136e95/1/3/132920_BLAC_1.jpg', 'https://d2xe6rib7hqydz.cloudfront.net/store/media/catalog/product/cache/1/image/9df78eab33525d08d6e5fb8d27136e95/1/3/132920_BLAC_2.jpg']",46,all,1,https://www.stussy.com/us/glen-plaid-bucket-hat?color_hat=225
Glen Plaid Bucket Hat,glen-plaid-bucket-hat-322-white,$40.00,$0,White,"['S/M', 'L/XL']","['Mid Crown bucket hat with embroidered logo and eyelets.', ' Downward facing brim with crown liner', '100% Polyester', 'Imported']","['https://d2xe6rib7hqydz.cloudfront.net/store/media/catalog/product/cache/1/image/9df78eab33525d08d6e5fb8d27136e95/1/3/132920_WHIT_1.jpg', 'https://d2xe6rib7hqydz.cloudfront.net/store/media/catalog/product/cache/1/image/9df78eab33525d08d6e5fb8d27136e95/1/3/132920_WHIT_2.jpg']",46,all,1,https://www.stussy.com/us/glen-plaid-bucket-hat?color_hat=225
Reena Clean Tech Bucket Hat (Wmns),w-s-reena-clean-tech-bucket-hat-280-navy,$45.00,$0,Navy,"['XS/S', 'M/L']","['Mid crown bucket hat with downward facing brim and embroidered logo/eyelets.', '100% Nylon, Imported']","['https://d2xe6rib7hqydz.cloudfront.net/store/media/catalog/product/cache/1/image/9df78eab33525d08d6e5fb8d27136e95/2/3/232214_NAVY_1.jpg', 'https://d2xe6rib7hqydz.cloudfront.net/store/media/catalog/product/cache/1/image/9df78eab33525d08d6e5fb8d27136e95/2/3/232214_NAVY_2.jpg']",47,all,1,https://www.stussy.com/us/w-s-reena-clean-tech-bucket-hat?color_hat=280
Reena Clean Tech Bucket Hat (Wmns),w-s-reena-clean-tech-bucket-hat-304-silver,$45.00,$0,Silver,"['XS/S', 'M/L']","['Mid crown bucket hat with downward facing brim and embroidered logo/eyelets.', '100% Nylon, Imported']","['https://d2xe6rib7hqydz.cloudfront.net/store/media/catalog/product/cache/1/image/9df78eab33525d08d6e5fb8d27136e95/2/3/232214_SILV_1.jpg', 'https://d2xe6rib7hqydz.cloudfront.net/store/media/catalog/product/cache/1/image/9df78eab33525d08d6e5fb8d27136e95/2/3/232214_SILV_2.jpg']",47,all,1,https://www.stussy.com/us/w-s-reena-clean-tech-bucket-hat?color_hat=280
Reena Clean Tech Bucket Hat,reena-clean-tech-bucket-hat-285-olive,$40.00,$0,Olive,"['S/M', 'L/XL']","['Mid crown bucket hat with downward facing brim and rubber patch logo./li>\n', 'Crown liner ', '100% Nylon', 'Imported']","['https://d2xe6rib7hqydz.cloudfront.net/store/media/catalog/product/cache/1/image/9df78eab33525d08d6e5fb8d27136e95/1/3/132923_OLIV_1.jpg', 'https://d2xe6rib7hqydz.cloudfront.net/store/media/catalog/product/cache/1/image/9df78eab33525d08d6e5fb8d27136e95/1/3/132923_OLIV_2.jpg']",48,all,1,https://www.stussy.com/us/reena-clean-tech-bucket-hat?color_hat=285
Glen Plaid Low Pro Cap,glen-plaid-low-pro-cap-225-black,$40.00,$0,Black,['all'],"['Low Crown Structured 6 panel plaid cap with contrast embroidered logo.', 'Adjustable cotton strapback closure', '100% Cotton', 'Imported', 'One size fits most']","['https://d2xe6rib7hqydz.cloudfront.net/store/media/catalog/product/cache/1/image/9df78eab33525d08d6e5fb8d27136e95/1/3/131875_BLAC_1.jpg', 'https://d2xe6rib7hqydz.cloudfront.net/store/media/catalog/product/cache/1/image/9df78eab33525d08d6e5fb8d27136e95/1/3/131875_BLAC_2.jpg']",49,all,1,https://www.stussy.com/us/glen-plaid-low-pro-cap?color_hat=225
Glen Plaid Low Pro Cap,glen-plaid-low-pro-cap-322-white,$40.00,$0,White,['all'],"['Low Crown Structured 6 panel plaid cap with contrast embroidered logo.', 'Adjustable cotton strapback closure', '100% Cotton', 'Imported', 'One size fits most']","['https://d2xe6rib7hqydz.cloudfront.net/store/media/catalog/product/cache/1/image/9df78eab33525d08d6e5fb8d27136e95/1/3/131875_WHIT_1.jpg', 'https://d2xe6rib7hqydz.cloudfront.net/store/media/catalog/product/cache/1/image/9df78eab33525d08d6e5fb8d27136e95/1/3/131875_WHIT_2.jpg']",49,all,1,https://www.stussy.com/us/glen-plaid-low-pro-cap?color_hat=225
Washed Oxford Strapback,washed-oxford-strapback-232-burgundy,$40.00,$0,Burgundy,['all'],"['High Crown unstructured 6 panel with an embroidered logo', 'Adjustable leather strapback closure', '100% Cotton', 'Imported', 'One size fits most']","['https://d2xe6rib7hqydz.cloudfront.net/store/media/catalog/product/cache/1/image/9df78eab33525d08d6e5fb8d27136e95/1/3/131874_BURG_1.jpg', 'https://d2xe6rib7hqydz.cloudfront.net/store/media/catalog/product/cache/1/image/9df78eab33525d08d6e5fb8d27136e95/1/3/131874_BURG_2.jpg']",50,all,1,https://www.stussy.com/us/washed-oxford-strapback?color_hat=232
Washed Oxford Strapback,washed-oxford-strapback-280-navy,$40.00,$0,Navy,['all'],"['High Crown unstructured 6 panel with an embroidered logo', 'Adjustable leather strapback closure', '100% Cotton', 'Imported', 'One size fits most']","['https://d2xe6rib7hqydz.cloudfront.net/store/media/catalog/product/cache/1/image/9df78eab33525d08d6e5fb8d27136e95/1/3/131874_NAVY_1.jpg', 'https://d2xe6rib7hqydz.cloudfront.net/store/media/catalog/product/cache/1/image/9df78eab33525d08d6e5fb8d27136e95/1/3/131874_NAVY_2.jpg']",50,all,1,https://www.stussy.com/us/washed-oxford-strapback?color_hat=232
Washed Oxford Strapback,washed-oxford-strapback-546-mustard,$40.00,$0,Mustard,['all'],"['High Crown unstructured 6 panel with an embroidered logo', 'Adjustable leather strapback closure', '100% Cotton', 'Imported', 'One size fits most']","['https://d2xe6rib7hqydz.cloudfront.net/store/media/catalog/product/cache/1/image/9df78eab33525d08d6e5fb8d27136e95/1/3/131874_MUST_1.jpg', 'https://d2xe6rib7hqydz.cloudfront.net/store/media/catalog/product/cache/1/image/9df78eab33525d08d6e5fb8d27136e95/1/3/131874_MUST_2.jpg']",50,all,1,https://www.stussy.com/us/washed-oxford-strapback?color_hat=232
Basic Stock Camp Cap,basic-stock-camp-cap-225-black,$40.00,$0,Black,['OSFM'],"['Low Crown 5 panel silhouette with stitched brim and embroidered logo/eyelets.', 'Adjustable buckle closure', '100% Nylon', 'Imported', 'One size fits most']","['https://d2xe6rib7hqydz.cloudfront.net/store/media/catalog/product/cache/1/image/9df78eab33525d08d6e5fb8d27136e95/1/3/132919_BLAC_1.jpg', 'https://d2xe6rib7hqydz.cloudfront.net/store/media/catalog/product/cache/1/image/9df78eab33525d08d6e5fb8d27136e95/1/3/132919_BLAC_2.jpg']",51,all,1,https://www.stussy.com/us/basic-stock-camp-cap?color_hat=225
Basic Stock Camp Cap,basic-stock-camp-cap-287-orange,$40.00,$0,Orange,['OSFM'],"['Low Crown 5 panel silhouette with stitched brim and embroidered logo/eyelets.', 'Adjustable buckle closure', '100% Nylon', 'Imported', 'One size fits most']","['https://d2xe6rib7hqydz.cloudfront.net/store/media/catalog/product/cache/1/image/9df78eab33525d08d6e5fb8d27136e95/1/3/132919_ORAN_1.jpg', 'https://d2xe6rib7hqydz.cloudfront.net/store/media/catalog/product/cache/1/image/9df78eab33525d08d6e5fb8d27136e95/1/3/132919_ORAN_2.jpg']",51,all,1,https://www.stussy.com/us/basic-stock-camp-cap?color_hat=225
Basic Stock Camp Cap,basic-stock-camp-cap-639-neon yellow,$40.00,$0,Neon Yellow,['OSFM'],"['Low Crown 5 panel silhouette with stitched brim and embroidered logo/eyelets.', 'Adjustable buckle closure', '100% Nylon', 'Imported', 'One size fits most']","['https://d2xe6rib7hqydz.cloudfront.net/store/media/catalog/product/cache/1/image/9df78eab33525d08d6e5fb8d27136e95/1/3/132919_NEOY_1.jpg', 'https://d2xe6rib7hqydz.cloudfront.net/store/media/catalog/product/cache/1/image/9df78eab33525d08d6e5fb8d27136e95/1/3/132919_NEOY_2.jpg']",51,all,1,https://www.stussy.com/us/basic-stock-camp-cap?color_hat=225
Louise Two Tone Low Pro Cap (Wmns),w-s-louise-two-tone-low-pro-cap-260-green,$40.00,$0,Green,['all'],"['Low crown structured 6 panel hat with adjustable strapback closure and embroidered logo.', '100% Cotton, Imported', 'One size fits most']","['https://d2xe6rib7hqydz.cloudfront.net/store/media/catalog/product/cache/1/image/9df78eab33525d08d6e5fb8d27136e95/2/3/232215_GREN_1.jpg', 'https://d2xe6rib7hqydz.cloudfront.net/store/media/catalog/product/cache/1/image/9df78eab33525d08d6e5fb8d27136e95/2/3/232215_GREN_2.jpg']",52,all,1,https://www.stussy.com/us/w-s-louise-two-tone-low-pro-cap?color_hat=260
Louise Two Tone Low Pro Cap (Wmns),w-s-louise-two-tone-low-pro-cap-267-khaki,$40.00,$0,Khaki,['all'],"['Low crown structured 6 panel hat with adjustable strapback closure and embroidered logo.', '100% Cotton, Imported', 'One size fits most']","['https://d2xe6rib7hqydz.cloudfront.net/store/media/catalog/product/cache/1/image/9df78eab33525d08d6e5fb8d27136e95/2/3/232215_KHAK_1.jpg', 'https://d2xe6rib7hqydz.cloudfront.net/store/media/catalog/product/cache/1/image/9df78eab33525d08d6e5fb8d27136e95/2/3/232215_KHAK_2.jpg']",52,all,1,https://www.stussy.com/us/w-s-louise-two-tone-low-pro-cap?color_hat=260
Elm Water Sombrero (Wmns),w-s-elm-water-sombrero-227-blue,$45.00,$0,Blue,"['XS/S', 'M/L']","['Mid crown sombrero with straight brim, chin strap and embroidered logo.', '100% Nylon, Imported']","['https://d2xe6rib7hqydz.cloudfront.net/store/media/catalog/product/cache/1/image/9df78eab33525d08d6e5fb8d27136e95/2/3/232213_BLUE_1.jpg', 'https://d2xe6rib7hqydz.cloudfront.net/store/media/catalog/product/cache/1/image/9df78eab33525d08d6e5fb8d27136e95/2/3/232213_BLUE_2.jpg']",53,all,1,https://www.stussy.com/us/w-s-elm-water-sombrero?color_hat=227
Elm Water Sombrero (Wmns),w-s-elm-water-sombrero-267-khaki,$45.00,$0,Khaki,"['XS/S', 'M/L']","['Mid crown sombrero with straight brim, chin strap and embroidered logo.', '100% Nylon, Imported']","['https://d2xe6rib7hqydz.cloudfront.net/store/media/catalog/product/cache/1/image/9df78eab33525d08d6e5fb8d27136e95/2/3/232213_KHAK_1.jpg', 'https://d2xe6rib7hqydz.cloudfront.net/store/media/catalog/product/cache/1/image/9df78eab33525d08d6e5fb8d27136e95/2/3/232213_KHAK_2.jpg']",53,all,1,https://www.stussy.com/us/w-s-elm-water-sombrero?color_hat=227
Multi Color Striped Cuff Beane,multi-color-striped-cuff-beane-225-black,$35.00,$0,Black,['all'],"['Ribbed construction', 'Lightweight body', 'Stüssy print', '100% acrylic', 'Made in USA', 'One size fits most']","['https://d2xe6rib7hqydz.cloudfront.net/store/media/catalog/product/cache/1/image/9df78eab33525d08d6e5fb8d27136e95/1/3/132906_BLAC_1.jpg', 'https://d2xe6rib7hqydz.cloudfront.net/store/media/catalog/product/cache/1/image/9df78eab33525d08d6e5fb8d27136e95/1/3/132906_BLAC_2.jpg', 'https://d2xe6rib7hqydz.cloudfront.net/store/media/catalog/product/cache/1/image/9df78eab33525d08d6e5fb8d27136e95/1/3/132906_BLAC_3.jpg', 'https://d2xe6rib7hqydz.cloudfront.net/store/media/catalog/product/cache/1/image/9df78eab33525d08d6e5fb8d27136e95/1/3/132906_BLAC_4.jpg']",54,all,1,https://www.stussy.com/us/multi-color-striped-cuff-beane?color_hat=225
Multi Color Striped Cuff Beane,multi-color-striped-cuff-beane-280-navy,$35.00,$0,Navy,['all'],"['Ribbed construction', 'Lightweight body', 'Stüssy print', '100% acrylic', 'Made in USA', 'One size fits most']","['https://d2xe6rib7hqydz.cloudfront.net/store/media/catalog/product/cache/1/image/9df78eab33525d08d6e5fb8d27136e95/1/3/132906_NAVY_1.jpg', 'https://d2xe6rib7hqydz.cloudfront.net/store/media/catalog/product/cache/1/image/9df78eab33525d08d6e5fb8d27136e95/1/3/132906_NAVY_2.jpg', 'https://d2xe6rib7hqydz.cloudfront.net/store/media/catalog/product/cache/1/image/9df78eab33525d08d6e5fb8d27136e95/1/3/132906_NAVY_3.jpg', 'https://d2xe6rib7hqydz.cloudfront.net/store/media/catalog/product/cache/1/image/9df78eab33525d08d6e5fb8d27136e95/1/3/132906_NAVY_4.jpg']",54,all,1,https://www.stussy.com/us/multi-color-striped-cuff-beane?color_hat=225
Warrior Man Bucket Hat,warrior-man-bucket-hat-225-black,$40.00,$0,Black,"['S/M', 'L/XL']","['Standard fit bucket hat with an embroidered design and downward facing brim.', 'Embroidered eyelets', 'Crown liner ', '100% cotton', 'Imported']","['https://d2xe6rib7hqydz.cloudfront.net/store/media/catalog/product/cache/1/image/9df78eab33525d08d6e5fb8d27136e95/1/3/132921_BLAC_1.jpg', 'https://d2xe6rib7hqydz.cloudfront.net/store/media/catalog/product/cache/1/image/9df78eab33525d08d6e5fb8d27136e95/1/3/132921_BLAC_2.jpg']",55,all,1,https://www.stussy.com/us/warrior-man-bucket-hat?color_hat=225
Warrior Man Bucket Hat,warrior-man-bucket-hat-285-olive,$40.00,$0,Olive,"['S/M', 'L/XL']","['Standard fit bucket hat with an embroidered design and downward facing brim.', 'Embroidered eyelets', 'Crown liner ', '100% cotton', 'Imported']","['https://d2xe6rib7hqydz.cloudfront.net/store/media/catalog/product/cache/1/image/9df78eab33525d08d6e5fb8d27136e95/1/3/132921_OLIV_1.jpg', 'https://d2xe6rib7hqydz.cloudfront.net/store/media/catalog/product/cache/1/image/9df78eab33525d08d6e5fb8d27136e95/1/3/132921_OLIV_2.jpg']",55,all,1,https://www.stussy.com/us/warrior-man-bucket-hat?color_hat=225
Warrior Man Bucket Hat,warrior-man-bucket-hat-322-white,$40.00,$0,White,"['S/M', 'L/XL']","['Standard fit bucket hat with an embroidered design and downward facing brim.', 'Embroidered eyelets', 'Crown liner ', '100% cotton', 'Imported']","['https://d2xe6rib7hqydz.cloudfront.net/store/media/catalog/product/cache/1/image/9df78eab33525d08d6e5fb8d27136e95/1/3/132921_WHIT_1.jpg', 'https://d2xe6rib7hqydz.cloudfront.net/store/media/catalog/product/cache/1/image/9df78eab33525d08d6e5fb8d27136e95/1/3/132921_WHIT_2.jpg']",55,all,1,https://www.stussy.com/us/warrior-man-bucket-hat?color_hat=225
