goods_name,goods_model,goods_price,goods_discount_price,goods_color,goods_size,goods_details,goods_images,goods_title,goods_num,gender,goods_page,goods_comments,goods_url
AF TRUCKER TREF å¸½å­,DV0150,Â¥199,0,ç™½/ç™½,['OSFM'],"[' è¿™æ¬¾å¡è½¦å¸æœºå¸½ï¼Œç»å…¸â€œå¯¹å¯¹ç¢°â€ã€‚ä¸­é—´ç¼€å¤§å·ä¸‰å¶è‰ç»£æ ‡ï¼Œå¸½æªç•¥å¸¦å¼§å½¢ã€‚é‡‡ç”¨æ£‰é¢æ–™æ­é…ç½‘æå¹…ç‰‡ï¼Œå«æŒ‰æ‰£åå¸¦ã€‚ ', 'æ£‰', 'é¢„æˆå‹å¼§å½¢å¸½æª', 'å¯è°ƒèŠ‚æŒ‰æ‰£æ­æ‰£', 'ç½‘æåç‰‡']","['https://img.adidas.com.cn/resources/2019/3/25/15535021026948115_2000X2000.jpg', 'https://img.adidas.com.cn/resources/2019/3/25/15535021110087678_2000X2000.jpg', 'https://img.adidas.com.cn/resources/2019/3/25/15535021047873570_2000X2000.jpg', 'https://img.adidas.com.cn/resources/2019/3/25/15535021080485153_2000X2000.jpg', 'https://img.adidas.com.cn/resources/2019/3/25/15535020973847885_2000X2000.jpg', 'https://img.adidas.com.cn/resources/2019/3/25/15535020999856427_2000X2000.jpg']",ä¸­æ€§ Â ORIGINALS,1,men,0,"[{'goods_comment_star': 4, 'goods_comment_time': '2019/03/30', 'goods_comment_comment': 'éå¸¸æ£’éå¸¸æ£’éå¸¸æ£’éå¸¸æ£’éå¸¸æ£’'}, {'goods_comment_star': 4, 'goods_comment_time': '2019/03/24', 'goods_comment_comment': 'å¾ˆçˆ±çš„å¸½å­ æ–°æ¬¾  å®ä½“åº—é‡Œçœ‹åˆ°  ç«‹é©¬å®˜ç½‘ä¸‹å•äº†'}, {'goods_comment_star': 5, 'goods_comment_time': '2019/03/23', 'goods_comment_comment': 'å‘è´§ç¥é€Ÿï¼Œåšå·¥ä¸é”™ï¼Œæ¯”è¾ƒæ»¡æ„ã€‚'}, {'goods_comment_star': 5, 'goods_comment_time': '2019/03/22', 'goods_comment_comment': 'å¸½å­åˆšåˆšå¥½ï¼Œèˆ’æœé€šé£å•Šï¼Œå¥½ä¸œè¥¿å€¼å¾—æ‹¥æœ‰'}, {'goods_comment_star': 5, 'goods_comment_time': '2019/03/16', 'goods_comment_comment': 'ä¸€ç›´æƒ³ä¹°åé¢ç½‘çŠ¶é€æ°”çš„å¸½å­ï¼Œè¿˜æœ‰æœ€å–œæ¬¢å¸½å­æ˜¯è¿™ç§è°ƒèŠ‚æ–¹å¼çš„æ¬¾ã€‚'}]",https://www.adidas.com.cn/item/DV0150?locale=zh_CN
BUCKET HAT AC æ¸”å¤«å¸½,EC5776,Â¥249,0,ç´« äº®å…‰é»„/ç™½,"['OSFW', 'OSFM']","[' ç†Ÿæ‚‰çš„é€ å‹ï¼Œæ–°æ„çš„å‘ˆç°ã€‚è¿™æ¬¾æ¸”å¤«å¸½ï¼Œè®¾è®¡ç®€çº¦ï¼Œé‡‡ç”¨æ–œçº¹æ°´æ´—æ£‰å¸ƒæ‰“é€ ï¼ŒåŠ›æ±‚å‘ˆç°ç»å†é£éœœçš„åšæ—§è´¨æ„Ÿã€‚æ­£é¢ç¼€å¤§å·ä¸‰å¶è‰å¾½æ ‡ï¼ŒèƒŒé¢é…å°å·ä¸‰æ¡çº¹ç»‡å¸¦ã€‚ ', 'æ£‰', 'æ’è‰²ä¸‰å¶è‰å¾½æ ‡']","['https://img.adidas.com.cn/resources/2019/3/7/15519552305861120_2000X2000.jpg', 'https://img.adidas.com.cn/resources/2019/3/7/15519552442738826_2000X2000.jpg', 'https://img.adidas.com.cn/resources/2019/3/7/15519552422593459_2000X2000.jpg', 'https://img.adidas.com.cn/resources/2019/3/7/15519552350538552_2000X2000.jpg', 'https://img.adidas.com.cn/resources/2019/3/7/15519552384818972_2000X2000.jpg', 'https://img.adidas.com.cn/resources/2019/3/7/15519552325214369_2000X2000.jpg']",ä¸­æ€§ Â ORIGINALS,2,men,0,"[{'goods_comment_star': 5, 'goods_comment_time': '2019/04/03', 'goods_comment_comment': 'è¿™æ¬¾å¸½å­åº”è¯¥æ˜¯ä»Šå¹´çš„æ–°æ¬¾ï¼Œä¸å»å¹´ä¹°çš„æ¸”å¤«å¸½æ¬¾å¼ä¸Šç•¥æœ‰ä¸åŒï¼Œæ¯”å¦‚å¸½æ²¿è¾ƒçª„ï¼Œå¾ˆå–œæ¬¢ã€‚æ˜¯æ˜¥å¤©çš„é¢œè‰²ã€‚å»ºè®®å•†å®¶åœ¨äº§å“è¯´æ˜é‡ŒæŠŠäº§å“çš„ç‰¹å¾æè¿°è¯¦ç»†äº›ã€‚'}, {'goods_comment_star': 5, 'goods_comment_time': '2019/04/02', 'goods_comment_comment': 'ä¸é”™ è€å©†å¾ˆæ»¡æ„çš„å¥½çœ‹çš„å¸½å­ã€‚'}, {'goods_comment_star': 5, 'goods_comment_time': '2019/04/02', 'goods_comment_comment': 'å¸½å­æ”¶åˆ°äº†ï¼Œæˆ´ä¸ŠæŒºå¥½çœ‹çš„ï¼Œé»‘è‰²æ¯”è¾ƒç™¾æ­ï¼Œå¾ˆå–œæ¬¢ã€‚'}, {'goods_comment_star': 3, 'goods_comment_time': '2019/04/02', 'goods_comment_comment': 'å®è¯å®è¯´æœ‰ç‚¹å¤±æœ›ğŸ˜åšå·¥çœŸçš„æ˜¯ç³™äº†å‘€&hellip;&hellip;å¥½çœ‹å‘¢æ˜¯å¥½çœ‹çš„'}, {'goods_comment_star': 5, 'goods_comment_time': '2019/04/01', 'goods_comment_comment': 'å•Šå•Šå•Šå•Šå•Šå•Šå•Šå•Šå•Šå•Šå•Šå•Šå•Šå•Šå•Šå•Šå•Šå•Š'}]",https://www.adidas.com.cn/item/EC5776?locale=zh_CN
BUCKET HAT AC æ¸”å¤«å¸½,EC5775,Â¥249,0,å†·æ„Ÿé»„/ç™½,"['OSFW', 'OSFM']","[' ç†Ÿæ‚‰çš„é€ å‹ï¼Œæ–°æ„çš„å‘ˆç°ã€‚è¿™æ¬¾æ¸”å¤«å¸½ï¼Œè®¾è®¡ç®€çº¦ï¼Œé‡‡ç”¨æ–œçº¹æ°´æ´—æ£‰å¸ƒæ‰“é€ ï¼ŒåŠ›æ±‚å‘ˆç°ç»å†é£éœœçš„åšæ—§è´¨æ„Ÿã€‚æ­£é¢ç¼€å¤§å·ä¸‰å¶è‰å¾½æ ‡ï¼ŒèƒŒé¢é…å°å·ä¸‰æ¡çº¹ç»‡å¸¦ã€‚ ', 'æ£‰', 'æ’è‰²ä¸‰å¶è‰å¾½æ ‡']","['https://img.adidas.com.cn/resources/2019/3/7/15519553040404149_2000X2000.jpg', 'https://img.adidas.com.cn/resources/2019/3/7/15519553059009438_2000X2000.jpg', 'https://img.adidas.com.cn/resources/2019/3/7/15519553177505670_2000X2000.jpg', 'https://img.adidas.com.cn/resources/2019/3/7/15519553101859395_2000X2000.jpg', 'https://img.adidas.com.cn/resources/2019/3/7/15519553077542092_2000X2000.jpg', 'https://img.adidas.com.cn/resources/2019/3/7/15519553150371515_2000X2000.jpg']",ä¸­æ€§ Â ORIGINALS,3,men,0,"[{'goods_comment_star': 5, 'goods_comment_time': '2019/04/03', 'goods_comment_comment': 'è¿™æ¬¾å¸½å­åº”è¯¥æ˜¯ä»Šå¹´çš„æ–°æ¬¾ï¼Œä¸å»å¹´ä¹°çš„æ¸”å¤«å¸½æ¬¾å¼ä¸Šç•¥æœ‰ä¸åŒï¼Œæ¯”å¦‚å¸½æ²¿è¾ƒçª„ï¼Œå¾ˆå–œæ¬¢ã€‚æ˜¯æ˜¥å¤©çš„é¢œè‰²ã€‚å»ºè®®å•†å®¶åœ¨äº§å“è¯´æ˜é‡ŒæŠŠäº§å“çš„ç‰¹å¾æè¿°è¯¦ç»†äº›ã€‚'}, {'goods_comment_star': 5, 'goods_comment_time': '2019/04/02', 'goods_comment_comment': 'ä¸é”™ è€å©†å¾ˆæ»¡æ„çš„å¥½çœ‹çš„å¸½å­ã€‚'}, {'goods_comment_star': 5, 'goods_comment_time': '2019/04/02', 'goods_comment_comment': 'å¸½å­æ”¶åˆ°äº†ï¼Œæˆ´ä¸ŠæŒºå¥½çœ‹çš„ï¼Œé»‘è‰²æ¯”è¾ƒç™¾æ­ï¼Œå¾ˆå–œæ¬¢ã€‚'}, {'goods_comment_star': 3, 'goods_comment_time': '2019/04/02', 'goods_comment_comment': 'å®è¯å®è¯´æœ‰ç‚¹å¤±æœ›ğŸ˜åšå·¥çœŸçš„æ˜¯ç³™äº†å‘€&hellip;&hellip;å¥½çœ‹å‘¢æ˜¯å¥½çœ‹çš„'}, {'goods_comment_star': 5, 'goods_comment_time': '2019/04/01', 'goods_comment_comment': 'å•Šå•Šå•Šå•Šå•Šå•Šå•Šå•Šå•Šå•Šå•Šå•Šå•Šå•Šå•Šå•Šå•Šå•Š'}]",https://www.adidas.com.cn/item/EC5775?locale=zh_CN
BUCKET HAT AC æ¸”å¤«å¸½,EC5774,Â¥249,0,æ©™é»„/ç™½,"['OSFW', 'OSFM']","[' ç†Ÿæ‚‰çš„é€ å‹ï¼Œæ–°æ„çš„å‘ˆç°ã€‚è¿™æ¬¾æ¸”å¤«å¸½ï¼Œè®¾è®¡ç®€çº¦ï¼Œé‡‡ç”¨æ–œçº¹æ°´æ´—æ£‰å¸ƒæ‰“é€ ï¼ŒåŠ›æ±‚å‘ˆç°ç»å†é£éœœçš„åšæ—§è´¨æ„Ÿã€‚æ­£é¢ç¼€å¤§å·ä¸‰å¶è‰å¾½æ ‡ï¼ŒèƒŒé¢é…å°å·ä¸‰æ¡çº¹ç»‡å¸¦ã€‚ ', 'æ£‰', 'æ’è‰²ä¸‰å¶è‰å¾½æ ‡']","['https://img.adidas.com.cn/resources/2019/3/7/15519553435564162_2000X2000.jpg', 'https://img.adidas.com.cn/resources/2019/3/7/15519553394602014_2000X2000.jpg', 'https://img.adidas.com.cn/resources/2019/3/7/15519553299323968_2000X2000.jpg', 'https://img.adidas.com.cn/resources/2019/3/7/1551955334759338_2000X2000.jpg', 'https://img.adidas.com.cn/resources/2019/3/7/15519553321624014_2000X2000.jpg', 'https://img.adidas.com.cn/resources/2019/3/7/15519553372531259_2000X2000.jpg']",ä¸­æ€§ Â ORIGINALS,4,men,0,"[{'goods_comment_star': 5, 'goods_comment_time': '2019/04/03', 'goods_comment_comment': 'è¿™æ¬¾å¸½å­åº”è¯¥æ˜¯ä»Šå¹´çš„æ–°æ¬¾ï¼Œä¸å»å¹´ä¹°çš„æ¸”å¤«å¸½æ¬¾å¼ä¸Šç•¥æœ‰ä¸åŒï¼Œæ¯”å¦‚å¸½æ²¿è¾ƒçª„ï¼Œå¾ˆå–œæ¬¢ã€‚æ˜¯æ˜¥å¤©çš„é¢œè‰²ã€‚å»ºè®®å•†å®¶åœ¨äº§å“è¯´æ˜é‡ŒæŠŠäº§å“çš„ç‰¹å¾æè¿°è¯¦ç»†äº›ã€‚'}, {'goods_comment_star': 5, 'goods_comment_time': '2019/04/02', 'goods_comment_comment': 'ä¸é”™ è€å©†å¾ˆæ»¡æ„çš„å¥½çœ‹çš„å¸½å­ã€‚'}, {'goods_comment_star': 5, 'goods_comment_time': '2019/04/02', 'goods_comment_comment': 'å¸½å­æ”¶åˆ°äº†ï¼Œæˆ´ä¸ŠæŒºå¥½çœ‹çš„ï¼Œé»‘è‰²æ¯”è¾ƒç™¾æ­ï¼Œå¾ˆå–œæ¬¢ã€‚'}, {'goods_comment_star': 3, 'goods_comment_time': '2019/04/02', 'goods_comment_comment': 'å®è¯å®è¯´æœ‰ç‚¹å¤±æœ›ğŸ˜åšå·¥çœŸçš„æ˜¯ç³™äº†å‘€&hellip;&hellip;å¥½çœ‹å‘¢æ˜¯å¥½çœ‹çš„'}, {'goods_comment_star': 5, 'goods_comment_time': '2019/04/01', 'goods_comment_comment': 'å•Šå•Šå•Šå•Šå•Šå•Šå•Šå•Šå•Šå•Šå•Šå•Šå•Šå•Šå•Šå•Šå•Šå•Š'}]",https://www.adidas.com.cn/item/EC5774?locale=zh_CN
SAMSTAG DAD CAP å¸½å­,DV1411,Â¥299,0,é»‘/ç™½/é‡‘ ,['OSFM'],"[' è¿™æ¬¾å¸½å­ï¼Œé€ å‹ç®€çº¦æ„å¼ï¼Œä»¥70å’Œ80å¹´ä»£çš„è¿åŠ¨è®¾è®¡ä¸ºçµæ„Ÿã€‚é‡‡ç”¨æ–œçº¹æ£‰å¸ƒæ‰“é€ ï¼Œé…é¢„æˆå‹å¼§å½¢å¸½æªï¼Œå«åæ‰£å¸¦ï¼Œæ—¨åœ¨æ–¹ä¾¿è°ƒèŠ‚ã€‚ç¼€åˆºç»£ä¸‰å¶è‰å¾½æ ‡ï¼Œå«çƒ«é‡‘è‰²ä¸‰å¶è‰åˆ«é’ˆï¼Œæ›´æ·»åˆ«è‡´ã€‚ ', 'æ£‰', 'é¢„æˆå‹å¼§å½¢å¸½æª', 'å¯è°ƒèŠ‚åå¸¦é…Då½¢ç¯æ‰£åˆ', 'æ­£é¢ç¼€çƒ«é‡‘è‰²ä¸‰å¶è‰åˆ«é’ˆ']","['https://img.adidas.com.cn/resources/2019/3/7/15519553680231251_2000X2000.jpg', 'https://img.adidas.com.cn/resources/2019/3/7/15519553700661881_2000X2000.jpg', 'https://img.adidas.com.cn/resources/2019/3/7/15519553636045253_2000X2000.jpg', 'https://img.adidas.com.cn/resources/2019/3/7/15519553573846240_2000X2000.jpg', 'https://img.adidas.com.cn/resources/2019/3/7/15519553654662425_2000X2000.jpg', 'https://img.adidas.com.cn/resources/2019/3/7/15519553609827401_2000X2000.jpg']",ä¸­æ€§ Â ORIGINALS,5,men,0,"[{'goods_comment_star': 5, 'goods_comment_time': '2019/04/02', 'goods_comment_comment': 'å¥½å¥½å¥½å“¦é˜¿åå“¦å¥¥å¥½å¥½å“¦å¥¥å¥½å¥½ï¼Œæˆ‘çˆ±é˜¿è¿ª'}, {'goods_comment_star': 5, 'goods_comment_time': '2019/04/02', 'goods_comment_comment': 'å¾ˆå–œæ¬¢å¾ˆå¥½çœ‹ä¹°ç»™åˆ«äººçš„å˜»å˜»å˜»å–œ'}, {'goods_comment_star': 5, 'goods_comment_time': '2019/03/28', 'goods_comment_comment': 'é‚“ä¼¦åŒæ¬¾ç«é€Ÿgetèµ·æ¥äº†ï¼è¶…çº§å–œæ¬¢ä¸‰å¶è‰çš„logoï¼è¿˜æœ‰å°é‡‘èƒ¸é’ˆï¼å¥½çœ‹ï¼'}, {'goods_comment_star': 5, 'goods_comment_time': '2019/03/28', 'goods_comment_comment': 'é˜¿è¿ªè¾¾æ–¯æ˜‚è´µçš„ç‰Œå­ï¼Œä¸€åŒéšä¾¿å°±è¦ä¸Šåƒï¼Œè™½ç„¶ä»·æ ¼è´µï¼Œä½†æ˜¯èˆ’é€‚æ€§ã€é€æ°”æ€§ï¼Œæ˜¯æœ€é‡è¦ï¼Œä½ è¦é€‰æ‹©é˜¿è¿ªï¼Œæ²¡é”™çš„'}, {'goods_comment_star': 5, 'goods_comment_time': '2019/03/28', 'goods_comment_comment': 'ä¸é”™ä¸é”™ä¸é”™ä¸é”™ä¸é”™ä¸é”™ä¸é”™ä¸é”™ä¸é”™ä¸é”™ä¸é”™ä¸é”™ä¸é”™ä¸é”™ä¸é”™ä¸é”™ä¸é”™ä¸é”™ä¸é”™ä¸é”™'}]",https://www.adidas.com.cn/item/DV1411?locale=zh_CN
BUCKET HAT AC æ¸”å¤«å¸½,DV0863,Â¥249,0,é»‘/ç™½,"['OSFW', 'OSFM']","[' ç†Ÿæ‚‰çš„é€ å‹ï¼Œæ–°æ„çš„å‘ˆç°ã€‚è¿™æ¬¾æ¸”å¤«å¸½ï¼Œè®¾è®¡ç®€çº¦ï¼Œé‡‡ç”¨æ–œçº¹æ°´æ´—æ£‰å¸ƒæ‰“é€ ï¼ŒåŠ›æ±‚å‘ˆç°ç»å†é£éœœçš„åšæ—§è´¨æ„Ÿã€‚æ­£é¢ç¼€å¤§å·ä¸‰å¶è‰å¾½æ ‡ï¼ŒèƒŒé¢é…å°å·ä¸‰æ¡çº¹ç»‡å¸¦ã€‚ ', 'æ£‰', 'æ’è‰²ä¸‰å¶è‰å¾½æ ‡']","['https://img.adidas.com.cn/resources/2019/3/25/15535032523338058_2000X2000.jpg', 'https://img.adidas.com.cn/resources/2019/3/25/15535032638132676_2000X2000.jpg', 'https://img.adidas.com.cn/resources/2019/3/25/15535032503587366_2000X2000.jpg', 'https://img.adidas.com.cn/resources/2019/3/25/15535032541457676_2000X2000.jpg', 'https://img.adidas.com.cn/resources/2019/3/25/15535032613938744_2000X2000.jpg', 'https://img.adidas.com.cn/resources/2019/3/25/15535032588403092_2000X2000.jpg']",ä¸­æ€§ Â ORIGINALS,6,men,0,"[{'goods_comment_star': 5, 'goods_comment_time': '2019/04/03', 'goods_comment_comment': 'è¿™æ¬¾å¸½å­åº”è¯¥æ˜¯ä»Šå¹´çš„æ–°æ¬¾ï¼Œä¸å»å¹´ä¹°çš„æ¸”å¤«å¸½æ¬¾å¼ä¸Šç•¥æœ‰ä¸åŒï¼Œæ¯”å¦‚å¸½æ²¿è¾ƒçª„ï¼Œå¾ˆå–œæ¬¢ã€‚æ˜¯æ˜¥å¤©çš„é¢œè‰²ã€‚å»ºè®®å•†å®¶åœ¨äº§å“è¯´æ˜é‡ŒæŠŠäº§å“çš„ç‰¹å¾æè¿°è¯¦ç»†äº›ã€‚'}, {'goods_comment_star': 5, 'goods_comment_time': '2019/04/02', 'goods_comment_comment': 'ä¸é”™ è€å©†å¾ˆæ»¡æ„çš„å¥½çœ‹çš„å¸½å­ã€‚'}, {'goods_comment_star': 5, 'goods_comment_time': '2019/04/02', 'goods_comment_comment': 'å¸½å­æ”¶åˆ°äº†ï¼Œæˆ´ä¸ŠæŒºå¥½çœ‹çš„ï¼Œé»‘è‰²æ¯”è¾ƒç™¾æ­ï¼Œå¾ˆå–œæ¬¢ã€‚'}, {'goods_comment_star': 3, 'goods_comment_time': '2019/04/02', 'goods_comment_comment': 'å®è¯å®è¯´æœ‰ç‚¹å¤±æœ›ğŸ˜åšå·¥çœŸçš„æ˜¯ç³™äº†å‘€&hellip;&hellip;å¥½çœ‹å‘¢æ˜¯å¥½çœ‹çš„'}, {'goods_comment_star': 5, 'goods_comment_time': '2019/04/01', 'goods_comment_comment': 'å•Šå•Šå•Šå•Šå•Šå•Šå•Šå•Šå•Šå•Šå•Šå•Šå•Šå•Šå•Šå•Šå•Šå•Š'}]",https://www.adidas.com.cn/item/DV0863?locale=zh_CN
BASEB CLASS TRE å¸½å­,DV0173,Â¥149,0,ç°ç²‰/ç™½,"['OSFW', 'OSFM']","[' è¿™æ¬¾æ£’çƒå¸½ï¼Œå«é¢„æˆå‹å¼§å½¢å¸½æªï¼Œæ—¨åœ¨æ–¹ä¾¿ç©¿æˆ´ã€‚é‡‡ç”¨èˆ’é€‚æ£‰é¢æ–™æ‰“é€ ï¼Œæ­£é¢ç¼€å¤§å·åˆºç»£ä¸‰å¶è‰ã€‚åéƒ¨å«å¯è°ƒèŠ‚æŸå¸¦ï¼Œæ—¨åœ¨æ–¹ä¾¿è°ƒæ•´ã€‚ ', 'æ£‰', 'é¢„æˆå‹å¼§å½¢å¸½æª', 'å¯è°ƒèŠ‚åå¸¦é…Då½¢ç¯æ‰£åˆ']","['https://img.adidas.com.cn/resources/2019/3/7/1551954892884701_2000X2000.jpg', 'https://img.adidas.com.cn/resources/2019/3/7/15519548947139768_2000X2000.jpg', 'https://img.adidas.com.cn/resources/2019/3/7/15519549004518967_2000X2000.jpg', 'https://img.adidas.com.cn/resources/2019/3/7/15519548868755282_2000X2000.jpg', 'https://img.adidas.com.cn/resources/2019/3/7/15519548893718641_2000X2000.jpg', 'https://img.adidas.com.cn/resources/2019/3/7/15519548978686970_2000X2000.jpg']",ä¸­æ€§ Â ORIGINALS,7,men,0,"[{'goods_comment_star': 5, 'goods_comment_time': '2019/04/02', 'goods_comment_comment': 'è´¼èµè¿™ä¸ªé¢œè‰²ï¼Œç¾ç¾å“’ã€‚å¥½çœ‹ã€‚çœŸçš„è§‰å¾—å®˜ç½‘è´¼æ£’ï¼Œç§¯åˆ†èƒ½å…‘æ¢ä¼˜æƒ åˆ¸ï¼Œä¸€å¦‚æ—¢å¾€çš„å–œæ¬¢å•Š'}, {'goods_comment_star': 5, 'goods_comment_time': '2019/03/31', 'goods_comment_comment': 'å“ˆå¥½å¥½å¥½å¥½å¥½å¥½å¥½å¥½å¥½å¥½å¥½å¥½å¥½å¥½'}, {'goods_comment_star': 5, 'goods_comment_time': '2019/03/31', 'goods_comment_comment': 'å¾ˆå¥½ï¼å®é™…é¢œè‰²æ·±ä¸€ç‚¹ï¼éå¸¸å¥½çœ‹ï¼å¤Ÿéªšæ°”ï¼'}, {'goods_comment_star': 5, 'goods_comment_time': '2019/03/30', 'goods_comment_comment': 'æŒºåˆé€‚ï¼Œå°±æ˜¯é¢œè‰²å¯ä»¥æœ‰åˆ«çš„é€‰é¡¹å°±æ›´å¥½äº†ã€‚'}, {'goods_comment_star': 5, 'goods_comment_time': '2019/03/29', 'goods_comment_comment': 'å¸½å‹å¾ˆå¥½ï¼Œæˆ´ä¸Šå¥½çœ‹ã€‚ä»¥åéƒ½åœ¨é˜¿è¿ªä¹°å¸½å­äº†ã€‚'}]",https://www.adidas.com.cn/item/DV0173?locale=zh_CN
AF TRUCKER TREF å¸½å­,DV0170,Â¥199,0,é»‘/é»‘,"['OSFW', 'OSFM']","[' è¿™æ¬¾å¡è½¦å¸æœºå¸½ï¼Œç»å…¸â€œå¯¹å¯¹ç¢°â€ã€‚ä¸­é—´ç¼€å¤§å·ä¸‰å¶è‰ç»£æ ‡ï¼Œå¸½æªç•¥å¸¦å¼§å½¢ã€‚é‡‡ç”¨æ£‰é¢æ–™æ­é…ç½‘æå¹…ç‰‡ï¼Œå«æŒ‰æ‰£åå¸¦ã€‚ ', 'æ£‰', 'é¢„æˆå‹å¼§å½¢å¸½æª', 'å¯è°ƒèŠ‚æŒ‰æ‰£æ­æ‰£', 'ç½‘æåç‰‡']","['https://img.adidas.com.cn/resources/2019/3/7/15519548967908021_2000X2000.jpg', 'https://img.adidas.com.cn/resources/2019/3/7/1551954898595540_2000X2000.jpg', 'https://img.adidas.com.cn/resources/2019/3/7/15519549052388784_2000X2000.jpg', 'https://img.adidas.com.cn/resources/2019/3/7/15519548943922063_2000X2000.jpg', 'https://img.adidas.com.cn/resources/2019/3/7/15519548918473399_2000X2000.jpg', 'https://img.adidas.com.cn/resources/2019/3/7/15519549014096527_2000X2000.jpg']",ä¸­æ€§ Â ORIGINALS,8,men,0,"[{'goods_comment_star': 4, 'goods_comment_time': '2019/03/30', 'goods_comment_comment': 'éå¸¸æ£’éå¸¸æ£’éå¸¸æ£’éå¸¸æ£’éå¸¸æ£’'}, {'goods_comment_star': 4, 'goods_comment_time': '2019/03/24', 'goods_comment_comment': 'å¾ˆçˆ±çš„å¸½å­ æ–°æ¬¾  å®ä½“åº—é‡Œçœ‹åˆ°  ç«‹é©¬å®˜ç½‘ä¸‹å•äº†'}, {'goods_comment_star': 5, 'goods_comment_time': '2019/03/23', 'goods_comment_comment': 'å‘è´§ç¥é€Ÿï¼Œåšå·¥ä¸é”™ï¼Œæ¯”è¾ƒæ»¡æ„ã€‚'}, {'goods_comment_star': 5, 'goods_comment_time': '2019/03/22', 'goods_comment_comment': 'å¸½å­åˆšåˆšå¥½ï¼Œèˆ’æœé€šé£å•Šï¼Œå¥½ä¸œè¥¿å€¼å¾—æ‹¥æœ‰'}, {'goods_comment_star': 5, 'goods_comment_time': '2019/03/16', 'goods_comment_comment': 'ä¸€ç›´æƒ³ä¹°åé¢ç½‘çŠ¶é€æ°”çš„å¸½å­ï¼Œè¿˜æœ‰æœ€å–œæ¬¢å¸½å­æ˜¯è¿™ç§è°ƒèŠ‚æ–¹å¼çš„æ¬¾ã€‚'}]",https://www.adidas.com.cn/item/DV0170?locale=zh_CN
BILLDOGSNAPBCK å¸½å­,DU8292,Â¥299,0,ç™½/ç®€å•é»„,"['OSFW', 'OSFM']","[' è¿™æ¬¾ä¼‘é—²çš„åŸºæœ¬æ¬¾æ£‰è´¨å¸½å­ï¼Œé¥°æœ‰çº½çº¦æ’ç”»å¸ˆBill Rebholzæ¯”å°”Â·é›·å¸ƒéœå…¹çš„æ’ç”»ä½œå“ã€‚é‡‡ç”¨æ–œçº¹å¸ƒé¢æ–™ï¼Œç¼€ç¯èŠ¯ç»’å¸½æªã€‚é…åæ‰£å¼å¯è°ƒèŠ‚æ­æ‰£ï¼Œæ–¹ä¾¿è°ƒèŠ‚ï¼Œè®©å¸½å­å’Œä½ çš„é€ å‹èä¸ºä¸€ä½“ã€‚ ', 'æ£‰', 'å¹³æª', 'åæ­æ‰£', 'ç”±æ¯”å°”Â·é›·å¸ƒéœå…¹ç‰¹åˆ«åˆ›ä½œçš„æ’å›¾']","['https://img.adidas.com.cn/resources/2019/3/7/15519550550198145_2000X2000.jpg', 'https://img.adidas.com.cn/resources/2019/3/7/15519550683843049_2000X2000.jpg', 'https://img.adidas.com.cn/resources/2019/3/7/15519550636789188_2000X2000.jpg', 'https://img.adidas.com.cn/resources/2019/3/7/15519550657241520_2000X2000.jpg', 'https://img.adidas.com.cn/resources/2019/3/7/15519550610837656_2000X2000.jpg', 'https://img.adidas.com.cn/resources/2019/3/7/15519550583096891_2000X2000.jpg']",ä¸­æ€§ Â ORIGINALS,9,men,0,"[{'goods_comment_star': 5, 'goods_comment_time': '2019/03/13', 'goods_comment_comment': 'å¸½å­å¾ˆèˆ’é€‚ è´¨é‡å¾ˆå¥½ æˆ´çš„æ„Ÿè§‰éå¸¸å·'}]",https://www.adidas.com.cn/item/DU8292?locale=zh_CN
AFRAME CAP å¸½å­,DU6796,Â¥299,0,é»‘/ç™½,['OSFM'],"[' è¿™æ¬¾å¡è½¦å¸æœºå¸½ï¼Œæ–°é¢–æ—¶å°šï¼Œé‡‡ç”¨æ£‰è´¨å¸†å¸ƒæ‰“é€ ï¼Œæœ‰åˆ«äºé€šå¸¸çš„ç½‘æè´¨åœ°ã€‚é…é¢„æˆå‹å¼§å½¢å¸½æªï¼Œç¼€ä¸‰å¶è‰å¾½æ ‡è¡¥ä¸ï¼Œå¢æ·»è¿åŠ¨æƒ…è¶£ã€‚ ', 'æ£‰', 'é¢„æˆå‹å¼§å½¢å¸½æª', 'å¯è°ƒèŠ‚æŒ‰æ‰£æ­æ‰£']","['https://img.adidas.com.cn/resources/2019/3/7/15519553505645178_2000X2000.jpg', 'https://img.adidas.com.cn/resources/2019/3/7/15519553437289413_2000X2000.jpg', 'https://img.adidas.com.cn/resources/2019/3/7/15519553523476811_2000X2000.jpg', 'https://img.adidas.com.cn/resources/2019/3/7/1551955338782632_2000X2000.jpg', 'https://img.adidas.com.cn/resources/2019/3/7/1551955345484230_2000X2000.jpg', 'https://img.adidas.com.cn/resources/2019/3/7/1551955347994408_2000X2000.jpg']",ä¸­æ€§ Â ORIGINALS,10,men,0,"[{'goods_comment_star': 5, 'goods_comment_time': '2019/04/02', 'goods_comment_comment': 'å¸½å­ç®€å•logoï¼Œå¤§æ°”ï¼Œç™¾æ­ï¼Œä¸æ˜¯å¾ˆè¿åŠ¨æ¬¾ï¼Œå„ç§é€ å‹éƒ½èƒ½æ­é…ã€‚æ€§ä»·æ¯”ä¹Ÿå¥½ã€‚æ¨èï¼'}]",https://www.adidas.com.cn/item/DU6796?locale=zh_CN
TX TRAIL HB æˆ·å¤–å¤´å¸¦,DT5094,Â¥99,0,ç°ç™½/é»‘,"['OSFW', 'OSFM']","[' å¥”è·‘ï¼Œå¾’æ­¥ï¼Œæ»‘é›ªï¼Œè®©è¿™æ¬¾å¤´å¸¦ä¸ºæˆ·å¤–è¿åŠ¨æ·»èˆ’é€‚ã€‚è®¾è®¡åˆ«è‡´ï¼Œæ—¨åœ¨é€‚åº”ä¸åŒç¯å¢ƒçŠ¶å†µã€‚ ', 'å°ºå¯¸ï¼šå®½åº¦ï¼š9.5å˜ç±³ï¼›å¹³é“ºé•¿åº¦ï¼š23.5å˜ç±³', 'Climaliteé¢æ–™', 'è™¾é¡»çº¿æ¥ç¼', 'é¢æ–™èˆ’é€‚', 'ä¸å°Terrexå›¾æ¡ˆ', 'åå…‰ç»†èŠ‚']","['https://img.adidas.com.cn/resources/2019/3/7/15519566020273500_2000X2000.jpg', 'https://img.adidas.com.cn/resources/2019/3/7/15519566040106053_2000X2000.jpg', 'https://img.adidas.com.cn/resources/2019/3/7/15519565992141459_2000X2000.jpg', 'https://img.adidas.com.cn/resources/2019/3/7/15519565962658829_2000X2000.jpg', 'https://img.adidas.com.cn/resources/2019/3/7/1551956607459437_2000X2000.jpg']",ä¸­æ€§ Â è¿åŠ¨è¡¨ç° Â æˆ·å¤–,11,men,0,"[{'goods_comment_star': 5, 'goods_comment_time': '2019/03/29', 'goods_comment_comment': 'ç»™åŠ›å—·ç»™åŠ›å—·ç»™åŠ›å—·ç»™ç»™åŠ›ç»™åŠ›å—·'}, {'goods_comment_star': 5, 'goods_comment_time': '2019/03/23', 'goods_comment_comment': 'ä¸é”™çš„å¤´å¸¦ï¼Œå»ºè®®æ¯æ¬¡éƒ½æ¸…æ´—ï¼ï¼ï¼ï¼ï¼'}]",https://www.adidas.com.cn/item/DT5094?locale=zh_CN
W WL TRUCKER è¿åŠ¨å¸½,DT4052,Â¥169,0,ç™½/é»‘/é»‘ ,['OSFW'],"[' å…±æ²å†’é™©ç²¾ç¥ï¼Œæ‰¾å¯»èº«å¿ƒçš„å¹³è¡¡ã€‚è¿™æ¬¾å¯è°ƒèŠ‚å¸½å­ï¼Œè”åˆWanderlustç‘œä¼½èŠ‚å…±åŒæ‰“é€ ï¼Œæ­£é¢é‡‡ç”¨æ–œçº¹æ£‰å¸ƒé¢æ–™ï¼Œä¾§è¾¹å’Œåéƒ¨å«ç½‘æå¹…é¢ã€‚å¦é¥°åå…‰ç»†èŠ‚å’Œç‘œä¼½èŠ‚å¾½æ ‡ï¼Œæ›´æ·»çµæ°”ã€‚ ', 'å¥³å£«å‡ç ', 'æ­£é¢ï¼šèšä¸™çƒ¯ï¼›ä¾§ç‰‡å’Œåç‰‡ï¼šèšé…¯çº¤ç»´', 'é¢„æˆå‹å¼§å½¢å¸½æª', 'å¡‘æ–™å¸½æ‰£', 'Wanderlustå¾½æ ‡', 'åå…‰ç»†èŠ‚']","['https://img.adidas.com.cn/resources/2019/3/7/15519506488295979_2000X2000.jpg', 'https://img.adidas.com.cn/resources/2019/3/7/15519506469186353_2000X2000.jpg', 'https://img.adidas.com.cn/resources/2019/3/7/15519506408976551_2000X2000.jpg', 'https://img.adidas.com.cn/resources/2019/3/7/15519506509304128_2000X2000.jpg', 'https://img.adidas.com.cn/resources/2019/3/7/15519506361641059_2000X2000.jpg', 'https://img.adidas.com.cn/resources/2019/3/7/15519506440593371_2000X2000.jpg']",å¥³å­ Â è¿åŠ¨è¡¨ç° Â è®­ç»ƒ,12,men,0,[],https://www.adidas.com.cn/item/DT4052?locale=zh_CN
W WL TRUCKER è¿åŠ¨å¸½,DT4051,Â¥169,0,é»‘/é»‘/é»‘ ,['OSFW'],"[' å…±æ²å†’é™©ç²¾ç¥ï¼Œæ‰¾å¯»èº«å¿ƒçš„å¹³è¡¡ã€‚è¿™æ¬¾å¯è°ƒèŠ‚å¸½å­ï¼Œè”åˆWanderlustç‘œä¼½èŠ‚å…±åŒæ‰“é€ ï¼Œæ­£é¢é‡‡ç”¨æ–œçº¹æ£‰å¸ƒé¢æ–™ï¼Œä¾§è¾¹å’Œåéƒ¨å«ç½‘æå¹…é¢ã€‚å¦é¥°åå…‰ç»†èŠ‚å’Œç‘œä¼½èŠ‚å¾½æ ‡ï¼Œæ›´æ·»çµæ°”ã€‚ ', 'å¥³å£«å‡ç ', 'æ­£é¢ï¼šèšä¸™çƒ¯ï¼›ä¾§ç‰‡å’Œåç‰‡ï¼šèšé…¯çº¤ç»´', 'é¢„æˆå‹å¼§å½¢å¸½æª', 'å¡‘æ–™å¸½æ‰£', 'Wanderlustå¾½æ ‡', 'åå…‰ç»†èŠ‚']","['https://img.adidas.com.cn/resources/2019/3/7/15519506579221753_2000X2000.jpg', 'https://img.adidas.com.cn/resources/2019/3/7/15519506533562452_2000X2000.jpg', 'https://img.adidas.com.cn/resources/2019/3/7/1551950644001252_2000X2000.jpg', 'https://img.adidas.com.cn/resources/2019/3/7/15519506507023057_2000X2000.jpg', 'https://img.adidas.com.cn/resources/2019/3/7/15519506461462184_2000X2000.jpg', 'https://img.adidas.com.cn/resources/2019/3/7/15519506552209736_2000X2000.jpg']",å¥³å­ Â è¿åŠ¨è¡¨ç° Â è®­ç»ƒ,13,men,0,[],https://www.adidas.com.cn/item/DT4051?locale=zh_CN
TIRO C40 CAP è¶³çƒå¸½å­,DQ1073,Â¥99,0,é»‘/ç™½,['OSFM'],"[' å´‡å°šè¿åŠ¨ã€‚è¿™æ¬¾å¸½å­ï¼Œæ­£é¢ç¼€ç»å…¸ä¸‰æ¡çº¹ï¼ŒåŠ›æ±‚å±•ç°ä½ å¯¹è¶³çƒçš„çƒ­çˆ±ã€‚å†…å«è¡¬é‡Œï¼Œä½©æˆ´èˆ’é€‚ï¼Œæ­é…é¢„æˆå‹å¼§å½¢å¸½æªã€‚ ', 'å‡ç ï¼ŒåŠ›æ±‚é€‚åˆå¤šæ•°äººä½¿ç”¨', 'æ£‰', 'é¢„æˆå‹å¼§å½¢å¸½æª', 'å¯è°ƒèŠ‚æ­æ‰£', 'Climaliteæ±—å¸¦', 'æ—¨åœ¨é€‚åˆè‰³é˜³å¤©ä½©æˆ´']","['https://img.adidas.com.cn/resources/2019/3/25/1553503538539490_2000X2000.jpg', 'https://img.adidas.com.cn/resources/2019/3/25/1553503544136223_2000X2000.jpg', 'https://img.adidas.com.cn/resources/2019/3/25/15535035411635_2000X2000.jpg', 'https://img.adidas.com.cn/resources/2019/3/25/15535035457591977_2000X2000.jpg', 'https://img.adidas.com.cn/resources/2019/3/25/15535035365123115_2000X2000.jpg', 'https://img.adidas.com.cn/resources/2019/3/25/15535035477597529_2000X2000.jpg']",ä¸­æ€§ Â è¿åŠ¨è¡¨ç° Â è¶³çƒ,14,men,0,"[{'goods_comment_star': 5, 'goods_comment_time': '2019/04/02', 'goods_comment_comment': 'ä¸é”™..............'}, {'goods_comment_star': 5, 'goods_comment_time': '2019/03/31', 'goods_comment_comment': 'æ£’æ£’æ£’æ£’æ£’æ£’æ£’æ£’æ£’æ£’æ£’æ£’æ£’æ£’æ£’æ£’æ£’æ£’'}, {'goods_comment_star': 5, 'goods_comment_time': '2019/03/29', 'goods_comment_comment': 'å¤§çˆ±ï¼Œæ˜¯æˆ‘æƒ³è¦çš„ï¼Œå°ºç åˆšåˆšå¥½ï¼Œæ˜¯æˆ‘å–œæ¬¢çš„'}, {'goods_comment_star': 5, 'goods_comment_time': '2019/03/28', 'goods_comment_comment': 'å¸½å­æœ¬æ¥ä¹°ç»™è‡ªå·±çš„ï¼Œè€å©†ä¹Ÿçœ‹ä¸Šäº†ï¼Œæ‹¿èµ°äº†ã€‚ç®¡å®ƒäº†ï¼Œåªè¦ä¸æ˜¯ç»¿çš„å°±è¡Œï¼Œ'}, {'goods_comment_star': 5, 'goods_comment_time': '2019/03/25', 'goods_comment_comment': 'ç‰¹åˆ«çš„å¥½ ç”¨ä¼˜æƒ åŠµä¹°çš„ä¸œè¥¿å®è¯å®è¯´è¡¨ç¤ºæ„ŸåŠ¨'}]",https://www.adidas.com.cn/item/DQ1073?locale=zh_CN
AZ LIGHT CAP è¿åŠ¨å¸½,DM8815,Â¥169,0,é»‘/é“¶é‡‘å±,"['OSFW', 'OSFM']","[' è¿™æ¬¾å¸½å­ï¼Œé‡‡ç”¨èˆ’é€‚é¢æ–™ï¼Œæ—¨åœ¨ä¼´ä½ è‡ªåœ¨é•¿è·‘ã€‚é…æ¿€å…‰åˆ‡å‰²æ‰“å­”ï¼ŒåŠ›æ±‚ä¸ºè¿åŠ¨æ·»èˆ’é€‚ï¼Œåéƒ¨å«å¯è°ƒèŠ‚æŸå¸¦ï¼Œæ—¨åœ¨æ–¹ä¾¿è°ƒæ•´ã€‚ ', 'å‡ç ï¼ŒåŠ›æ±‚é€‚åˆå¤šæ•°äººä½¿ç”¨', 'èšé…¯çº¤ç»´', 'é¢„æˆå‹å¼§å½¢å¸½æª', 'å¯è°ƒèŠ‚åå¸¦', 'æ¿€å…‰åˆ‡å‰²è®¾è®¡', 'é¢æ–™èˆ’é€‚', 'åå…‰ç»†èŠ‚']","['https://img.adidas.com.cn/resources/2019/3/7/1551950671085116_2000X2000.jpg', 'https://img.adidas.com.cn/resources/2019/3/7/15519506731813204_2000X2000.jpg', 'https://img.adidas.com.cn/resources/2019/3/7/15519506629415972_2000X2000.jpg', 'https://img.adidas.com.cn/resources/2019/3/7/15519506680274797_2000X2000.jpg', 'https://img.adidas.com.cn/resources/2019/3/7/15519506650666099_2000X2000.jpg', 'https://img.adidas.com.cn/resources/2019/3/7/15519506605145077_2000X2000.jpg']",ä¸­æ€§ Â è¿åŠ¨è¡¨ç° Â è·‘æ­¥,15,men,0,"[{'goods_comment_star': 5, 'goods_comment_time': '2019/03/26', 'goods_comment_comment': 'å’Œåˆé€‚å¤å¤©ä½¿ç”¨ï¼ğŸ‘Œï¼ğŸ‘Œï¼ğŸ‘Œ'}, {'goods_comment_star': 5, 'goods_comment_time': '2019/03/26', 'goods_comment_comment': 'é¡ºä¸°ç‰©æµéå¸¸å¿«ï¼Œå¸½å­é€‚åˆå¤å¤©æˆ´'}, {'goods_comment_star': 4, 'goods_comment_time': '2019/03/25', 'goods_comment_comment': 'å¤å¤©è·‘æ­¥å‡‰å¸½ï¼Œä¸æ˜¯ç¡¬çš„é‚£ç§å¸½æªï¼Œå¾ˆè½¯çš„'}]",https://www.adidas.com.cn/item/DM8815?locale=zh_CN
BOX CAP å¸½å­,DW6711,Â¥369,0,æ·±è—é’è“,"['OSFM', 'OSFL']","[' adidas Spezialç³»åˆ—ï¼Œæ‰æ ¹adidaså¤å¤ä¼‘é—²é£æ ¼ï¼Œä¸“æ³¨ç°ä»£æ—¶å°šè®¾è®¡ã€‚è¿™æ¬¾å¸½å­ï¼Œé‡‡ç”¨ç»å…¸å¹³æªè®¾è®¡ï¼Œæ—¨åœ¨ç»™ä½ çš„å¤æ—¥å¸¦æ¥æ—¶å°šè‰²å½©ã€‚é‡‡ç”¨å¹³çº¹é¢æ–™æ‰“é€ ï¼Œæ­£é¢é¥°Spezialå¼æ ·çš„æ–¹æ¡†å¾½æ ‡å°èŠ±ã€‚ ', 'å¹³æª', 'å¯è°ƒå¼æ‰£å¸¦', 'adidas x SPZLå¾½æ ‡']","['https://img.adidas.com.cn/resources/2019/2/21/15507397286782797_2000X2000.jpg', 'https://img.adidas.com.cn/resources/2019/2/21/15507397179683990_2000X2000.jpg', 'https://img.adidas.com.cn/resources/2019/2/21/15507397265876897_2000X2000.jpg', 'https://img.adidas.com.cn/resources/2019/2/21/15507397201033086_2000X2000.jpg', 'https://img.adidas.com.cn/resources/2019/2/21/15507397227758194_2000X2000.jpg', 'https://img.adidas.com.cn/resources/2019/2/21/15507397154084825_2000X2000.jpg']",ä¸­æ€§ Â ORIGINALS,16,men,0,[],https://www.adidas.com.cn/item/DW6711?locale=zh_CN
CAP å¸½å­,EJ7422,Â¥399,0,æ·±è“,"['OSFW', 'OSFM']","[' è¿™æ¬¾å¸½å­ï¼Œç”±adidasè”æ‰‹æ—¶å°šç•Œæ–°æ˜ŸJi Won Choiå´”æ™ºè‹‘å…±åŒè®¾è®¡ï¼Œé‡‡ç”¨ç®€çº¦æ–œçº¹æ£‰å¸ƒæ‰“é€ ã€‚å«é•¿åå¸¦ï¼Œé€ å‹æ‘©ç™»å…¸é›…ã€‚å¸½æªå¸¦é¢„æˆå‹å¼§åº¦ï¼Œé“ä¸½è®¨å–œã€‚ ', 'æ£‰', 'é¢„æˆå‹å¼§å½¢å¸½æª', 'é•¿åå¸¦']","['https://img.adidas.com.cn/resources/2019/1/29/15487444573126533_2000X2000.jpg', 'https://img.adidas.com.cn/resources/2019/1/29/15487444511683306_2000X2000.jpg', 'https://img.adidas.com.cn/resources/2019/1/29/15487444592867377_2000X2000.jpg', 'https://img.adidas.com.cn/resources/2019/1/29/15487444485235572_2000X2000.jpg', 'https://img.adidas.com.cn/resources/2019/1/29/1548744462366599_2000X2000.jpg', 'https://img.adidas.com.cn/resources/2019/1/29/15487444547498920_2000X2000.jpg']",ä¸­æ€§ Â ORIGINALS,17,men,0,"[{'goods_comment_star': 5, 'goods_comment_time': '2019/03/18', 'goods_comment_comment': 'å¾ˆæ»¡æ„ï¼Œè´¨é‡ä¹Ÿå¾ˆå¥½ï¼Œçœ‹è§ä¸å¤šäº†æœæ–­ä¸‹æ‰‹'}, {'goods_comment_star': 5, 'goods_comment_time': '2019/03/06', 'goods_comment_comment': 'å¼ºçƒˆå»ºè®®å†™ä¸Šäº§åœ°å’Œè¯¥æ¬¾å°ºå¯¸æ˜ç»†ï¼'}, {'goods_comment_star': 5, 'goods_comment_time': '2019/02/28', 'goods_comment_comment': 'å¾ˆæ£’å“¦ï¼è¿˜å¥½è¿˜å¥½å“ˆè¿˜å¥½è¿˜å¥½å“ˆå“ˆå“ˆå“ˆ(à²¡&omega;à²¡)hiahiahia'}, {'goods_comment_star': 5, 'goods_comment_time': '2019/02/27', 'goods_comment_comment': 'å¸½å­å°ºå¯¸å¾ˆåˆé€‚ ä¹Ÿå¯ä»¥è‡ªå·±è°ƒèŠ‚å¤§å° å¸¦ç€éå¸¸æœ‰æ—¶å°šæ„Ÿ å°±åé¢ä¸¤æ ¹ç»³å­ä¸å¤ªä¼šç³»'}]",https://www.adidas.com.cn/item/EJ7422?locale=zh_CN
REVERSIBLE CAP å¸½å­,DU6972,Â¥349,0,å¸¸æ˜¥è—¤ç»¿/é»‘,"['OSFW', 'OSFM']","[' æ¢å¿ƒæƒ…ï¼Œæ¢é€ å‹ã€‚è¿™æ¬¾å¸½å­ï¼Œå¸½æªåˆ«è‡´ï¼Œæ—¨åœ¨æ–¹ä¾¿ç¿»é¢ã€‚ä¸¤é¢å‡å¯ç©¿æˆ´ï¼Œå¹¶é¥°æœ‰é†’ç›®NMDæ ‡å¿—ã€‚ ', 'åˆ«è‡´å¸½æª', 'é­”æœ¯è´´ç²˜æ‰£è®¾è®¡']","['https://img.adidas.com.cn/resources/2019/1/29/15487478713573056_2000X2000.jpg', 'https://img.adidas.com.cn/resources/2019/1/29/15487478623612783_2000X2000.jpg', 'https://img.adidas.com.cn/resources/2019/1/29/15487478605317159_2000X2000.jpg', 'https://img.adidas.com.cn/resources/2019/1/29/15487478656421463_2000X2000.jpg', 'https://img.adidas.com.cn/resources/2019/1/29/15487478684972587_2000X2000.jpg', 'https://img.adidas.com.cn/resources/2019/1/29/15487478581344875_2000X2000.jpg']",ä¸­æ€§ Â ORIGINALS,18,men,0,"[{'goods_comment_star': 5, 'goods_comment_time': '2019/03/21', 'goods_comment_comment': 'å®ç‰©å¥½åƒæœ‰ç‚¹åç»¿å•Šï¼Œè™½ç„¶ä¸æ˜¯å¾ˆç»¿çš„é‚£ç§ï¼Œç»¿å¸½å­å¥½åƒæœ‰ç‚¹å°´å°¬ï¼Œèƒ½æˆ´å—ï¼Ÿ'}]",https://www.adidas.com.cn/item/DU6972?locale=zh_CN
RECYCLED CAP å¸½å­,DV0257,Â¥399,0,é»‘,['OSFM'],"[' é€ å‹æ—¶å°šï¼ŒåŒæ—¶åŠ›æ±‚ç¯ä¿ã€‚è¿™æ¬¾æ—¶å°šçš„äº”ç‰‡å¼å¸½å­ï¼Œé‡‡ç”¨å†ç”Ÿç½‘æå’Œæ‚è‰²æ–œçº¹å¸ƒé¢æ–™ï¼Œæ­£é¢é¥°ç®€çº¦ä¸‰å¶è‰å¾½æ ‡ã€‚ ', 'å¸½èˆŒå’Œå‰å¹…ç‰‡ï¼šå†ç”Ÿæ‚è‰²æ–œçº¹å¸ƒï¼›ä¾§å¹…ï¼šå†ç”Ÿèšé…¯çº¤ç»´', 'ä¹™çƒ¯/ä¹™é…¸ä¹™çƒ¯é…¯ï¼ˆEVAï¼‰å¸½æª', 'äº”ç‰‡å¼ç»“æ„', 'å¯è°ƒèŠ‚æ­æ‰£']","['https://img.adidas.com.cn/resources/2019/1/11/15472034090018518_2000X2000.jpg', 'https://img.adidas.com.cn/resources/2019/1/11/15472034228958665_2000X2000.jpg', 'https://img.adidas.com.cn/resources/2019/1/11/15472034143646302_2000X2000.jpg', 'https://img.adidas.com.cn/resources/2019/1/11/15472034165934199_2000X2000.jpg', 'https://img.adidas.com.cn/resources/2019/1/11/15472034118601123_2000X2000.jpg', 'https://img.adidas.com.cn/resources/2019/1/11/15472034189501682_2000X2000.jpg']",ä¸­æ€§ Â ORIGINALS,19,men,0,[],https://www.adidas.com.cn/item/DV0257?locale=zh_CN
SB CLASSIC TRE å¸½å­,DV0176,Â¥249,0,é»‘/ç™½,"['OSFW', 'OSFM']","[' åŠ›æ±‚å±•ç°ä½ çš„adidaså…ƒæ°”ã€‚è¿™æ¬¾å¹³æªå¸½å­ï¼Œæ‰¿è¢­adidas Originalsç»å…¸é£æ ¼ï¼Œæ­£é¢ç¼€å¤§å·åˆºç»£ä¸‰å¶è‰å¾½æ ‡ã€‚é‡‡ç”¨æ‹‰ä¼¸æ£‰è´¨é¢æ–™ï¼Œæ­é…å¯è°ƒèŠ‚æŒ‰æ‰£ï¼Œä½©æˆ´èˆ’é€‚ã€‚ ', 'æ£‰', 'å¹³æª', 'å¯è°ƒèŠ‚æŒ‰æ‰£å¸¦', 'æµ®é¢åˆºç»£ä¸‰å¶è‰å¾½æ ‡']","['https://img.adidas.com.cn/resources/2019/3/25/15535036099047852_2000X2000.jpg', 'https://img.adidas.com.cn/resources/2019/3/25/15535036141643508_2000X2000.jpg', 'https://img.adidas.com.cn/resources/2019/3/25/15535036080649453_2000X2000.jpg', 'https://img.adidas.com.cn/resources/2019/3/25/15535036115567587_2000X2000.jpg', 'https://img.adidas.com.cn/resources/2019/3/25/15535036170621479_2000X2000.jpg', 'https://img.adidas.com.cn/resources/2019/3/25/15535036047646451_2000X2000.jpg']",ä¸­æ€§ Â ORIGINALS,20,men,0,"[{'goods_comment_star': 5, 'goods_comment_time': '2019/03/27', 'goods_comment_comment': 'å¸½å­å¾ˆæ£’ï¼Œè´¨é‡çœ‹èµ·æ¥ä¹Ÿå¾ˆå¥½ã€‚å€¼å¾—æ¨è'}, {'goods_comment_star': 5, 'goods_comment_time': '2019/03/22', 'goods_comment_comment': 'å¸½å­ä¸é”™ä¹°äº†ä¸€å®šå°±æ˜¯æœ‰ç‚¹çƒ­ï¼Œåˆé€‚å†¬å¤©å¸¦ï¼Œ'}, {'goods_comment_star': 5, 'goods_comment_time': '2019/03/22', 'goods_comment_comment': 'å¸½å­ä¸é”™ä¹°äº†ä¸€å®šå°±æ˜¯æœ‰ç‚¹çƒ­ï¼Œåˆé€‚å†¬å¤©å¸¦ï¼Œ'}, {'goods_comment_star': 5, 'goods_comment_time': '2019/02/20', 'goods_comment_comment': 'æ˜¯çš„ï¼Œå¾ˆå¥½çœ‹ï¼Œä¸‹æ¬¡è¯•è¯•é‚£æ¬¾æ–°å¸½å­'}, {'goods_comment_star': 5, 'goods_comment_time': '2019/01/22', 'goods_comment_comment': 'ä¸é”™ä¸é”™ï¼Œè¦æ˜¯æœ‰é‡‘æ ‡çš„å°±æ›´å¥½çœ‹äº†ï¼'}]",https://www.adidas.com.cn/item/DV0176
SAMSTAG ARC CAP å¸½å­,DU6799,Â¥349,0,çº¢/é’è“,['OSFM'],"[' è¿™æ¬¾æ£‰è´¨å¸½å­ï¼Œæ¥è‡ªSamstagç³»åˆ—ï¼Œå¸¦æ¥å¤å¤æ„å¤§åˆ©è¿åŠ¨æœé¥°çš„ä¼‘é—²é€ å‹ã€‚é‡‡ç”¨ç»å…¸æ–œçº¹å¸ƒæ‰“é€ ï¼Œç¼€é‡‘è‰²é‡‘å±ä¸‰å¶è‰åˆ«ç« ï¼ŒåæŒ‰æ‰£ä¸Šæ–¹é¥°å¼§å½¢åˆºç»£adidaså­—æ ·ã€‚ ', 'æ£‰', 'å¹³æª', 'å¯è°ƒèŠ‚æŒ‰æ‰£å¸¦', 'æ­£é¢ç¼€é‡‘è‰²é‡‘å±ä¸‰å¶è‰åˆ«ç« ï¼›èƒŒé¢é¥°åˆºç»£adidasæ ‡']","['https://img.adidas.com.cn/resources/2019/3/25/15535036780618590_2000X2000.jpg', 'https://img.adidas.com.cn/resources/2019/3/25/15535036833083443_2000X2000.jpg', 'https://img.adidas.com.cn/resources/2019/3/25/15535036850017261_2000X2000.jpg', 'https://img.adidas.com.cn/resources/2019/3/25/15535036757261792_2000X2000.jpg', 'https://img.adidas.com.cn/resources/2019/3/25/15535036809659012_2000X2000.jpg', 'https://img.adidas.com.cn/resources/2019/3/25/15535036735217666_2000X2000.jpg']",ä¸­æ€§ Â ORIGINALS,21,men,0,"[{'goods_comment_star': 5, 'goods_comment_time': '2019/03/14', 'goods_comment_comment': 'æœ‰ç‚¹å¥½çœ‹å•Šï¼å¸¦ä¸Šå¾ˆé˜³å…‰ï¼Œå¾ˆé©¬é‡Œå¥¥'}, {'goods_comment_star': 3, 'goods_comment_time': '2019/03/04', 'goods_comment_comment': 'åç¡¬ï¼Œå¸½å­æœ‰ç‚¹å¤§ï¼Œæ˜¯ç”·ç”Ÿçš„sizeï¼Œä½†çº¢è‰²å¾ˆæ­£ï¼Œé‡‘è‰²å¾½ç« è¦è‡ªå·±æ‰£'}, {'goods_comment_star': 5, 'goods_comment_time': '2019/02/07', 'goods_comment_comment': 'ä¸é”™      ã€‚ã€‚ã€‚ã€‚ã€‚ã€‚ã€‚ã€‚ã€‚ã€‚ã€‚ã€‚ã€‚'}, {'goods_comment_star': 5, 'goods_comment_time': '2019/01/25', 'goods_comment_comment': 'éå¸¸ä¸é”™ã€‚ç‰©æµä¹Ÿå¿«ã€‚å¾ˆå¥½ã€‚ä¼šç»§ç»­æ”¯æŒçš„'}]",https://www.adidas.com.cn/item/DU6799
RUN CAP å¸½å­,DT5439,Â¥429,0,é»‘,['OSFW'],"[' 2005å¹´å°±å¼€å§‹ä¸adidasè”æ‰‹çš„Stella McCartneyï¼Œç»§ç»­ä¸ºè¿™ä¸€æ–°æ¬¾ç³»åˆ—å¸¦æ¥å¥¹çš„ç‹¬åˆ°çœ¼å…‰ã€‚è¿™æ¬¾å¸½å­ï¼Œæ—¨åœ¨é€‚åˆæˆ·å¤–è®­ç»ƒå’Œè·‘æ­¥ï¼Œä¾§ç‰‡æ¿€å…‰æ‰“å­”ï¼Œä½©æˆ´èˆ’é€‚ã€‚é¥°æœ‰Stellaçš„åº”å­£èŠ±å‰å›¾æ¡ˆï¼Œå‘ˆç°å¥³æ€§é£é‡‡ï¼Œç¼€åå…‰å¾½æ ‡ï¼Œå±•ç°ä¸€æŠ¹äº®è‰²ã€‚ ', 'é¢„æˆå‹å¼§å½¢å¸½æª', 'å¯è°ƒå¼æ‰£å¸¦', 'æ¿€å…‰æ‰“å­”', 'adidas by Stella McCartneyå¾½æ ‡', 'åå…‰ç»†èŠ‚']","['https://img.adidas.com.cn/resources/2019/3/25/15535063479671217_2000X2000.jpg', 'https://img.adidas.com.cn/resources/2019/3/25/15535063572436512_2000X2000.jpg', 'https://img.adidas.com.cn/resources/2019/3/25/15535063521735567_2000X2000.jpg', 'https://img.adidas.com.cn/resources/2019/3/25/15535063600583468_2000X2000.jpg', 'https://img.adidas.com.cn/resources/2019/3/25/15535063495911280_2000X2000.jpg', 'https://img.adidas.com.cn/resources/2019/3/25/15535063547801113_2000X2000.jpg']",å¥³å­ Â adidas by Stella McCartney,22,men,0,[],https://www.adidas.com.cn/item/DT5439
AC CAP TRE FLAT å¸½å­,DV0236,Â¥299,0,é»‘/ç™½,"['OSFW', 'OSFM']","[' è½»æ¾æ˜“æ­ï¼Œé€‚åˆå‡ºè¡—ã€‚è¿™æ¬¾å¹³æªå¸½ï¼Œé‡‡ç”¨æ°´æ´—æ£‰æ–œçº¹å¸ƒæ‰“é€ ï¼Œæ—¨åœ¨å‘ˆç°ä¼‘é—²ä»¿æ—§æ°”è´¨ã€‚ç¼€ä¸‰å¶è‰ç»£ç« ï¼Œæ›´æ·»å‹æ ¼ã€‚é…ç®€çº¦æŒ‰æ‰£åå¸¦ï¼Œæ–¹ä¾¿è°ƒèŠ‚ã€‚ ', 'æ£‰', 'å¹³æª', 'å¯è°ƒèŠ‚æŒ‰æ‰£å¸¦']","['https://img.adidas.com.cn/resources/2019/3/25/15535038033274783_2000X2000.jpg', 'https://img.adidas.com.cn/resources/2019/3/25/15535038016397192_2000X2000.jpg', 'https://img.adidas.com.cn/resources/2019/3/25/15535038114474767_2000X2000.jpg', 'https://img.adidas.com.cn/resources/2019/3/25/15535038085749760_2000X2000.jpg', 'https://img.adidas.com.cn/resources/2019/3/25/15535038057896012_2000X2000.jpg', 'https://img.adidas.com.cn/resources/2019/3/25/15535038133387322_2000X2000.jpg']",ä¸­æ€§ Â ORIGINALS,23,men,0,"[{'goods_comment_star': 5, 'goods_comment_time': '2019/03/23', 'goods_comment_comment': 'æŒºå¥½çš„å¸½å­ï¼Œç©¿ç€è¿˜æ˜¯å¾ˆåˆé€‚å¾ˆèˆ’æœçš„'}, {'goods_comment_star': 5, 'goods_comment_time': '2019/03/12', 'goods_comment_comment': 'å¥½å¥½å¥½å¥½å¥½å¥½å¥½å¥½å¥½å¥½å¥½å¥½å¥½å¥½å¥½'}, {'goods_comment_star': 5, 'goods_comment_time': '2019/03/09', 'goods_comment_comment': 'éå¸¸å¥½å¥½å¥½å¥½å¥½å¥½å¥½å¥½å¥½å¥½å¥½å¥½å¥½'}, {'goods_comment_star': 5, 'goods_comment_time': '2019/02/16', 'goods_comment_comment': 'å¸½å­å¾ˆå¥½çœ‹ï¼Œæˆ´ç€èˆ’æœï¼å®Œç¾ï¼ï¼ï¼ï¼'}, {'goods_comment_star': 5, 'goods_comment_time': '2019/02/02', 'goods_comment_comment': 'å¸…åˆ°æ‰æ¸£çš„ä¸€é¡¶å¸½å­èˆ’æœçš„å¾ˆå‘¢å°±å–œæ¬¢ad'}]",https://www.adidas.com.cn/item/DV0236
6PCAP LTWGT EMB è¿åŠ¨å¸½,S98159,Â¥99,0,é»‘/é»‘/ç™½,"['OSFW', 'OSFM']","[' è¿™æ¬¾å¸½å­é‡‡ç”¨å…­ç‰‡å¼ç»“æ„ã€‚å†…ç½®Climaliteæ±—å¸¦ï¼Œæ­é…å¼§å½¢å¸½æªè®¾è®¡ï¼ŒåŠ›æ±‚è®©ä½ æ— æƒ§é˜³å…‰ã€‚èƒŒé¢è°ƒèŠ‚å¸¦ã€‚ ', 'Climaliteæ±—å¸¦', 'å¤§å·é¢„æˆå‹å¼§å½¢å¸½æª', 'èƒŒé¢æŒ‰æ‰£å›ºå®š', 'å…­ç‰‡å¼ç»“æ„', 'æ­£é¢é¥°adidasç»£æ ‡']","['https://img.adidas.com.cn/resources/2018/4/10/15233347804629131_2000X2000.jpg', 'https://img.adidas.com.cn/resources/2018/4/10/15233347860077731_2000X2000.jpg', 'https://img.adidas.com.cn/resources/2018/4/10/15233347903282769_2000X2000.jpg', 'https://img.adidas.com.cn/resources/2018/4/10/1523334787869807_2000X2000.jpg', 'https://img.adidas.com.cn/resources/2018/4/10/15233347773268152_2000X2000.jpg', 'https://img.adidas.com.cn/resources/2018/4/10/15233347834506547_2000X2000.jpg']",ä¸­æ€§ Â è¿åŠ¨è¡¨ç° Â è®­ç»ƒ,24,men,0,"[{'goods_comment_star': 5, 'goods_comment_time': '2019/04/03', 'goods_comment_comment': 'å¿«é€’å¾ˆå¿«ï¼Œä¸œè¥¿ä¸é”™ï¼Œä¸‹æ¬¡ä¼šè¿˜ç»§ç»­è´­ä¹°ã€‚'}, {'goods_comment_star': 5, 'goods_comment_time': '2019/04/02', 'goods_comment_comment': 'ä¸é”™................'}, {'goods_comment_star': 4, 'goods_comment_time': '2019/04/01', 'goods_comment_comment': 'ä¸è§£?æ€ä¹ˆæˆä¸­å±±å¸‚ç”Ÿäº§çš„äº†ï¼Œåˆæ²¡æœ‰æˆæƒè¯æ˜ä»€ä¹ˆçš„ã€‚'}, {'goods_comment_star': 5, 'goods_comment_time': '2019/04/01', 'goods_comment_comment': 'å¸½å­å¾ˆä¸é”™ï¼Œä¹‹å‰æƒ³ä¹°å¦ä¸€æ¬¾ æ·±è“çš„çš„ï¼Œå¯æƒœè¦ä¹°çš„æ—¶å€™ä¸‹æ¶äº†ï¼Œå°±ä¹°äº†è¿™æ¬¾ï¼Œè¿˜ä¸é”™'}, {'goods_comment_star': 5, 'goods_comment_time': '2019/03/27', 'goods_comment_comment': 'ç”¨ä¼˜æƒ åˆ¸ç»™è€çˆ¸ä¹°çš„ï¼Œä»–å¾ˆå–œæ¬¢ã€‚'}]",https://www.adidas.com.cn/item/S98159
6PCAP LTWGT EMB è¿åŠ¨å¸½,BK0794,Â¥99,0,ç™½/ç™½/é»‘,"['OSFW', 'OSFM']","[' è¿™æ¬¾å¸½å­é‡‡ç”¨å…­ç‰‡å¼ç»“æ„ã€‚å†…ç½®Climaliteæ±—å¸¦ï¼Œæ­é…å¼§å½¢å¸½æªè®¾è®¡ï¼ŒåŠ›æ±‚è®©ä½ æ— æƒ§é˜³å…‰ã€‚èƒŒé¢è°ƒèŠ‚å¸¦ã€‚ ', 'Climaliteæ±—å¸¦', 'å¤§å·é¢„æˆå‹å¼§å½¢å¸½æª', 'èƒŒé¢æŒ‰æ‰£å›ºå®š', 'å…­ç‰‡å¼ç»“æ„', 'æ­£é¢é¥°adidasç»£æ ‡']","['https://img.adidas.com.cn/resources/2018/4/10/15233269498394416_2000X2000.jpg', 'https://img.adidas.com.cn/resources/2018/4/10/15233269467609493_2000X2000.jpg', 'https://img.adidas.com.cn/resources/2018/4/10/15233269373194331_2000X2000.jpg', 'https://img.adidas.com.cn/resources/2018/4/10/15233269439217113_2000X2000.jpg', 'https://img.adidas.com.cn/resources/2018/4/10/15233269517454169_2000X2000.jpg', 'https://img.adidas.com.cn/resources/2018/4/10/1523326940209855_2000X2000.jpg']",ä¸­æ€§ Â è¿åŠ¨è¡¨ç° Â è®­ç»ƒ,25,men,0,"[{'goods_comment_star': 5, 'goods_comment_time': '2019/04/03', 'goods_comment_comment': 'å¿«é€’å¾ˆå¿«ï¼Œä¸œè¥¿ä¸é”™ï¼Œä¸‹æ¬¡ä¼šè¿˜ç»§ç»­è´­ä¹°ã€‚'}, {'goods_comment_star': 5, 'goods_comment_time': '2019/04/02', 'goods_comment_comment': 'ä¸é”™................'}, {'goods_comment_star': 4, 'goods_comment_time': '2019/04/01', 'goods_comment_comment': 'ä¸è§£?æ€ä¹ˆæˆä¸­å±±å¸‚ç”Ÿäº§çš„äº†ï¼Œåˆæ²¡æœ‰æˆæƒè¯æ˜ä»€ä¹ˆçš„ã€‚'}, {'goods_comment_star': 5, 'goods_comment_time': '2019/04/01', 'goods_comment_comment': 'å¸½å­å¾ˆä¸é”™ï¼Œä¹‹å‰æƒ³ä¹°å¦ä¸€æ¬¾ æ·±è“çš„çš„ï¼Œå¯æƒœè¦ä¹°çš„æ—¶å€™ä¸‹æ¶äº†ï¼Œå°±ä¹°äº†è¿™æ¬¾ï¼Œè¿˜ä¸é”™'}, {'goods_comment_star': 5, 'goods_comment_time': '2019/03/27', 'goods_comment_comment': 'ç”¨ä¼˜æƒ åˆ¸ç»™è€çˆ¸ä¹°çš„ï¼Œä»–å¾ˆå–œæ¬¢ã€‚'}]",https://www.adidas.com.cn/item/BK0794
R96 CC CAP è¿åŠ¨å¸½,CF9627,Â¥199,0,ç™½/ç™½/ç™½,"['OSFW', 'OSFM']","[' è¿™æ¬¾å¸½å­ï¼Œä¼´ä½ åœ¨éª„é˜³ä¸‹å¥”è·‘ã€‚é‡‡ç”¨Climacoolæ¸…é£é¢æ–™ã€‚å¸½åé…å¯è°ƒèŠ‚æ­æ‰£ã€‚é¥°æœ‰åå…‰ç»†èŠ‚ã€‚ ', 'Climacoolæ¸…é£é¢æ–™ï¼ŒåŠ›æ±‚é€‚åˆæš–å­£', 'ä¸­å¼§åº¦é¢„æˆå‹å¼§å½¢å¸½æª', 'å¯è°ƒèŠ‚æ­æ‰£å¼èƒŒå¸¦', 'åå…‰ç»†èŠ‚']","['https://img.adidas.com.cn/resources/2018/4/2/15226658760142255_2000X2000.jpg', 'https://img.adidas.com.cn/resources/2018/4/2/15226658697177869_2000X2000.jpg', 'https://img.adidas.com.cn/resources/2018/4/2/1522665874175702_2000X2000.jpg', 'https://img.adidas.com.cn/resources/2018/4/2/15226658715232294_2000X2000.jpg', 'https://img.adidas.com.cn/resources/2018/4/2/15226658788756989_2000X2000.jpg', 'https://img.adidas.com.cn/resources/2018/4/2/15226658664297866_2000X2000.jpg']",ä¸­æ€§ Â è¿åŠ¨è¡¨ç° Â è·‘æ­¥,26,men,0,"[{'goods_comment_star': 5, 'goods_comment_time': '2018/07/31', 'goods_comment_comment': 'å¾ˆå¥½å“¦ï¼Œå¥½çœ‹ã€‚ã€‚ã€‚ã€‚ã€‚ã€‚ã€‚ã€‚ã€‚ã€‚ã€‚ã€‚ã€‚'}, {'goods_comment_star': 5, 'goods_comment_time': '2018/07/15', 'goods_comment_comment': 'å¸½å­è´¨é‡å¥½,å¤§å°é€‚ä¸­,å¾ˆæ»¡æ„,å€¼å¾—è´­ä¹°'}, {'goods_comment_star': 4, 'goods_comment_time': '2018/07/04', 'goods_comment_comment': 'å¾ˆå¥½å¾ˆå¸…ï¼Œä¸ˆäººå¾ˆå–œæ¬¢ï¼ä»·æ ¼ä¹Ÿå®æƒ ï¼'}, {'goods_comment_star': 5, 'goods_comment_time': '2018/06/30', 'goods_comment_comment': 'å¾ˆå¥½ä¸é”™çš„å¸½å­ï¼Œå¾ˆå€¼å¾—å¸¦å‡ºå»ç©'}, {'goods_comment_star': 4, 'goods_comment_time': '2018/05/09', 'goods_comment_comment': 'æˆ´ä¸Šæ˜¾ç€å¤´æœ‰ç‚¹å¡Œï¼Œå› ä¸ºæ²¡æœ‰æ”¯æ’‘ï¼Œé€æ°”æ€§åº”è¯¥ä¸é”™ã€‚'}]",https://www.adidas.com.cn/item/CF9627
AF TRUCKER TREF å¸½å­,DV0150,Â¥199,0,ç™½/ç™½,['OSFM'],"[' è¿™æ¬¾å¡è½¦å¸æœºå¸½ï¼Œç»å…¸â€œå¯¹å¯¹ç¢°â€ã€‚ä¸­é—´ç¼€å¤§å·ä¸‰å¶è‰ç»£æ ‡ï¼Œå¸½æªç•¥å¸¦å¼§å½¢ã€‚é‡‡ç”¨æ£‰é¢æ–™æ­é…ç½‘æå¹…ç‰‡ï¼Œå«æŒ‰æ‰£åå¸¦ã€‚ ', 'æ£‰', 'é¢„æˆå‹å¼§å½¢å¸½æª', 'å¯è°ƒèŠ‚æŒ‰æ‰£æ­æ‰£', 'ç½‘æåç‰‡']","['https://img.adidas.com.cn/resources/2019/3/25/15535021026948115_2000X2000.jpg', 'https://img.adidas.com.cn/resources/2019/3/25/15535021110087678_2000X2000.jpg', 'https://img.adidas.com.cn/resources/2019/3/25/15535021047873570_2000X2000.jpg', 'https://img.adidas.com.cn/resources/2019/3/25/15535021080485153_2000X2000.jpg', 'https://img.adidas.com.cn/resources/2019/3/25/15535020973847885_2000X2000.jpg', 'https://img.adidas.com.cn/resources/2019/3/25/15535020999856427_2000X2000.jpg']",ä¸­æ€§ Â ORIGINALS,1,women,1,"[{'goods_comment_star': 4, 'goods_comment_time': '2019/03/30', 'goods_comment_comment': 'éå¸¸æ£’éå¸¸æ£’éå¸¸æ£’éå¸¸æ£’éå¸¸æ£’'}, {'goods_comment_star': 4, 'goods_comment_time': '2019/03/24', 'goods_comment_comment': 'å¾ˆçˆ±çš„å¸½å­ æ–°æ¬¾  å®ä½“åº—é‡Œçœ‹åˆ°  ç«‹é©¬å®˜ç½‘ä¸‹å•äº†'}, {'goods_comment_star': 5, 'goods_comment_time': '2019/03/23', 'goods_comment_comment': 'å‘è´§ç¥é€Ÿï¼Œåšå·¥ä¸é”™ï¼Œæ¯”è¾ƒæ»¡æ„ã€‚'}, {'goods_comment_star': 5, 'goods_comment_time': '2019/03/22', 'goods_comment_comment': 'å¸½å­åˆšåˆšå¥½ï¼Œèˆ’æœé€šé£å•Šï¼Œå¥½ä¸œè¥¿å€¼å¾—æ‹¥æœ‰'}, {'goods_comment_star': 5, 'goods_comment_time': '2019/03/16', 'goods_comment_comment': 'ä¸€ç›´æƒ³ä¹°åé¢ç½‘çŠ¶é€æ°”çš„å¸½å­ï¼Œè¿˜æœ‰æœ€å–œæ¬¢å¸½å­æ˜¯è¿™ç§è°ƒèŠ‚æ–¹å¼çš„æ¬¾ã€‚'}]",https://www.adidas.com.cn/item/DV0150?locale=zh_CN
BUCKET HAT AC æ¸”å¤«å¸½,EC5776,Â¥249,0,ç´« äº®å…‰é»„/ç™½,"['OSFW', 'OSFM']","[' ç†Ÿæ‚‰çš„é€ å‹ï¼Œæ–°æ„çš„å‘ˆç°ã€‚è¿™æ¬¾æ¸”å¤«å¸½ï¼Œè®¾è®¡ç®€çº¦ï¼Œé‡‡ç”¨æ–œçº¹æ°´æ´—æ£‰å¸ƒæ‰“é€ ï¼ŒåŠ›æ±‚å‘ˆç°ç»å†é£éœœçš„åšæ—§è´¨æ„Ÿã€‚æ­£é¢ç¼€å¤§å·ä¸‰å¶è‰å¾½æ ‡ï¼ŒèƒŒé¢é…å°å·ä¸‰æ¡çº¹ç»‡å¸¦ã€‚ ', 'æ£‰', 'æ’è‰²ä¸‰å¶è‰å¾½æ ‡']","['https://img.adidas.com.cn/resources/2019/3/7/15519552305861120_2000X2000.jpg', 'https://img.adidas.com.cn/resources/2019/3/7/15519552442738826_2000X2000.jpg', 'https://img.adidas.com.cn/resources/2019/3/7/15519552422593459_2000X2000.jpg', 'https://img.adidas.com.cn/resources/2019/3/7/15519552350538552_2000X2000.jpg', 'https://img.adidas.com.cn/resources/2019/3/7/15519552384818972_2000X2000.jpg', 'https://img.adidas.com.cn/resources/2019/3/7/15519552325214369_2000X2000.jpg']",ä¸­æ€§ Â ORIGINALS,2,women,1,"[{'goods_comment_star': 5, 'goods_comment_time': '2019/04/03', 'goods_comment_comment': 'è¿™æ¬¾å¸½å­åº”è¯¥æ˜¯ä»Šå¹´çš„æ–°æ¬¾ï¼Œä¸å»å¹´ä¹°çš„æ¸”å¤«å¸½æ¬¾å¼ä¸Šç•¥æœ‰ä¸åŒï¼Œæ¯”å¦‚å¸½æ²¿è¾ƒçª„ï¼Œå¾ˆå–œæ¬¢ã€‚æ˜¯æ˜¥å¤©çš„é¢œè‰²ã€‚å»ºè®®å•†å®¶åœ¨äº§å“è¯´æ˜é‡ŒæŠŠäº§å“çš„ç‰¹å¾æè¿°è¯¦ç»†äº›ã€‚'}, {'goods_comment_star': 5, 'goods_comment_time': '2019/04/02', 'goods_comment_comment': 'ä¸é”™ è€å©†å¾ˆæ»¡æ„çš„å¥½çœ‹çš„å¸½å­ã€‚'}, {'goods_comment_star': 5, 'goods_comment_time': '2019/04/02', 'goods_comment_comment': 'å¸½å­æ”¶åˆ°äº†ï¼Œæˆ´ä¸ŠæŒºå¥½çœ‹çš„ï¼Œé»‘è‰²æ¯”è¾ƒç™¾æ­ï¼Œå¾ˆå–œæ¬¢ã€‚'}, {'goods_comment_star': 3, 'goods_comment_time': '2019/04/02', 'goods_comment_comment': 'å®è¯å®è¯´æœ‰ç‚¹å¤±æœ›ğŸ˜åšå·¥çœŸçš„æ˜¯ç³™äº†å‘€&hellip;&hellip;å¥½çœ‹å‘¢æ˜¯å¥½çœ‹çš„'}, {'goods_comment_star': 5, 'goods_comment_time': '2019/04/01', 'goods_comment_comment': 'å•Šå•Šå•Šå•Šå•Šå•Šå•Šå•Šå•Šå•Šå•Šå•Šå•Šå•Šå•Šå•Šå•Šå•Š'}]",https://www.adidas.com.cn/item/EC5776?locale=zh_CN
BUCKET HAT AC æ¸”å¤«å¸½,EC5775,Â¥249,0,å†·æ„Ÿé»„/ç™½,"['OSFW', 'OSFM']","[' ç†Ÿæ‚‰çš„é€ å‹ï¼Œæ–°æ„çš„å‘ˆç°ã€‚è¿™æ¬¾æ¸”å¤«å¸½ï¼Œè®¾è®¡ç®€çº¦ï¼Œé‡‡ç”¨æ–œçº¹æ°´æ´—æ£‰å¸ƒæ‰“é€ ï¼ŒåŠ›æ±‚å‘ˆç°ç»å†é£éœœçš„åšæ—§è´¨æ„Ÿã€‚æ­£é¢ç¼€å¤§å·ä¸‰å¶è‰å¾½æ ‡ï¼ŒèƒŒé¢é…å°å·ä¸‰æ¡çº¹ç»‡å¸¦ã€‚ ', 'æ£‰', 'æ’è‰²ä¸‰å¶è‰å¾½æ ‡']","['https://img.adidas.com.cn/resources/2019/3/7/15519553040404149_2000X2000.jpg', 'https://img.adidas.com.cn/resources/2019/3/7/15519553059009438_2000X2000.jpg', 'https://img.adidas.com.cn/resources/2019/3/7/15519553177505670_2000X2000.jpg', 'https://img.adidas.com.cn/resources/2019/3/7/15519553101859395_2000X2000.jpg', 'https://img.adidas.com.cn/resources/2019/3/7/15519553077542092_2000X2000.jpg', 'https://img.adidas.com.cn/resources/2019/3/7/15519553150371515_2000X2000.jpg']",ä¸­æ€§ Â ORIGINALS,3,women,1,"[{'goods_comment_star': 5, 'goods_comment_time': '2019/04/03', 'goods_comment_comment': 'è¿™æ¬¾å¸½å­åº”è¯¥æ˜¯ä»Šå¹´çš„æ–°æ¬¾ï¼Œä¸å»å¹´ä¹°çš„æ¸”å¤«å¸½æ¬¾å¼ä¸Šç•¥æœ‰ä¸åŒï¼Œæ¯”å¦‚å¸½æ²¿è¾ƒçª„ï¼Œå¾ˆå–œæ¬¢ã€‚æ˜¯æ˜¥å¤©çš„é¢œè‰²ã€‚å»ºè®®å•†å®¶åœ¨äº§å“è¯´æ˜é‡ŒæŠŠäº§å“çš„ç‰¹å¾æè¿°è¯¦ç»†äº›ã€‚'}, {'goods_comment_star': 5, 'goods_comment_time': '2019/04/02', 'goods_comment_comment': 'ä¸é”™ è€å©†å¾ˆæ»¡æ„çš„å¥½çœ‹çš„å¸½å­ã€‚'}, {'goods_comment_star': 5, 'goods_comment_time': '2019/04/02', 'goods_comment_comment': 'å¸½å­æ”¶åˆ°äº†ï¼Œæˆ´ä¸ŠæŒºå¥½çœ‹çš„ï¼Œé»‘è‰²æ¯”è¾ƒç™¾æ­ï¼Œå¾ˆå–œæ¬¢ã€‚'}, {'goods_comment_star': 3, 'goods_comment_time': '2019/04/02', 'goods_comment_comment': 'å®è¯å®è¯´æœ‰ç‚¹å¤±æœ›ğŸ˜åšå·¥çœŸçš„æ˜¯ç³™äº†å‘€&hellip;&hellip;å¥½çœ‹å‘¢æ˜¯å¥½çœ‹çš„'}, {'goods_comment_star': 5, 'goods_comment_time': '2019/04/01', 'goods_comment_comment': 'å•Šå•Šå•Šå•Šå•Šå•Šå•Šå•Šå•Šå•Šå•Šå•Šå•Šå•Šå•Šå•Šå•Šå•Š'}]",https://www.adidas.com.cn/item/EC5775?locale=zh_CN
BUCKET HAT AC æ¸”å¤«å¸½,EC5774,Â¥249,0,æ©™é»„/ç™½,"['OSFW', 'OSFM']","[' ç†Ÿæ‚‰çš„é€ å‹ï¼Œæ–°æ„çš„å‘ˆç°ã€‚è¿™æ¬¾æ¸”å¤«å¸½ï¼Œè®¾è®¡ç®€çº¦ï¼Œé‡‡ç”¨æ–œçº¹æ°´æ´—æ£‰å¸ƒæ‰“é€ ï¼ŒåŠ›æ±‚å‘ˆç°ç»å†é£éœœçš„åšæ—§è´¨æ„Ÿã€‚æ­£é¢ç¼€å¤§å·ä¸‰å¶è‰å¾½æ ‡ï¼ŒèƒŒé¢é…å°å·ä¸‰æ¡çº¹ç»‡å¸¦ã€‚ ', 'æ£‰', 'æ’è‰²ä¸‰å¶è‰å¾½æ ‡']","['https://img.adidas.com.cn/resources/2019/3/7/15519553435564162_2000X2000.jpg', 'https://img.adidas.com.cn/resources/2019/3/7/15519553394602014_2000X2000.jpg', 'https://img.adidas.com.cn/resources/2019/3/7/15519553299323968_2000X2000.jpg', 'https://img.adidas.com.cn/resources/2019/3/7/1551955334759338_2000X2000.jpg', 'https://img.adidas.com.cn/resources/2019/3/7/15519553321624014_2000X2000.jpg', 'https://img.adidas.com.cn/resources/2019/3/7/15519553372531259_2000X2000.jpg']",ä¸­æ€§ Â ORIGINALS,4,women,1,"[{'goods_comment_star': 5, 'goods_comment_time': '2019/04/03', 'goods_comment_comment': 'è¿™æ¬¾å¸½å­åº”è¯¥æ˜¯ä»Šå¹´çš„æ–°æ¬¾ï¼Œä¸å»å¹´ä¹°çš„æ¸”å¤«å¸½æ¬¾å¼ä¸Šç•¥æœ‰ä¸åŒï¼Œæ¯”å¦‚å¸½æ²¿è¾ƒçª„ï¼Œå¾ˆå–œæ¬¢ã€‚æ˜¯æ˜¥å¤©çš„é¢œè‰²ã€‚å»ºè®®å•†å®¶åœ¨äº§å“è¯´æ˜é‡ŒæŠŠäº§å“çš„ç‰¹å¾æè¿°è¯¦ç»†äº›ã€‚'}, {'goods_comment_star': 5, 'goods_comment_time': '2019/04/02', 'goods_comment_comment': 'ä¸é”™ è€å©†å¾ˆæ»¡æ„çš„å¥½çœ‹çš„å¸½å­ã€‚'}, {'goods_comment_star': 5, 'goods_comment_time': '2019/04/02', 'goods_comment_comment': 'å¸½å­æ”¶åˆ°äº†ï¼Œæˆ´ä¸ŠæŒºå¥½çœ‹çš„ï¼Œé»‘è‰²æ¯”è¾ƒç™¾æ­ï¼Œå¾ˆå–œæ¬¢ã€‚'}, {'goods_comment_star': 3, 'goods_comment_time': '2019/04/02', 'goods_comment_comment': 'å®è¯å®è¯´æœ‰ç‚¹å¤±æœ›ğŸ˜åšå·¥çœŸçš„æ˜¯ç³™äº†å‘€&hellip;&hellip;å¥½çœ‹å‘¢æ˜¯å¥½çœ‹çš„'}, {'goods_comment_star': 5, 'goods_comment_time': '2019/04/01', 'goods_comment_comment': 'å•Šå•Šå•Šå•Šå•Šå•Šå•Šå•Šå•Šå•Šå•Šå•Šå•Šå•Šå•Šå•Šå•Šå•Š'}]",https://www.adidas.com.cn/item/EC5774?locale=zh_CN
SAMSTAG DAD CAP å¸½å­,DV1411,Â¥299,0,é»‘/ç™½/é‡‘ ,['OSFM'],"[' è¿™æ¬¾å¸½å­ï¼Œé€ å‹ç®€çº¦æ„å¼ï¼Œä»¥70å’Œ80å¹´ä»£çš„è¿åŠ¨è®¾è®¡ä¸ºçµæ„Ÿã€‚é‡‡ç”¨æ–œçº¹æ£‰å¸ƒæ‰“é€ ï¼Œé…é¢„æˆå‹å¼§å½¢å¸½æªï¼Œå«åæ‰£å¸¦ï¼Œæ—¨åœ¨æ–¹ä¾¿è°ƒèŠ‚ã€‚ç¼€åˆºç»£ä¸‰å¶è‰å¾½æ ‡ï¼Œå«çƒ«é‡‘è‰²ä¸‰å¶è‰åˆ«é’ˆï¼Œæ›´æ·»åˆ«è‡´ã€‚ ', 'æ£‰', 'é¢„æˆå‹å¼§å½¢å¸½æª', 'å¯è°ƒèŠ‚åå¸¦é…Då½¢ç¯æ‰£åˆ', 'æ­£é¢ç¼€çƒ«é‡‘è‰²ä¸‰å¶è‰åˆ«é’ˆ']","['https://img.adidas.com.cn/resources/2019/3/7/15519553680231251_2000X2000.jpg', 'https://img.adidas.com.cn/resources/2019/3/7/15519553700661881_2000X2000.jpg', 'https://img.adidas.com.cn/resources/2019/3/7/15519553636045253_2000X2000.jpg', 'https://img.adidas.com.cn/resources/2019/3/7/15519553573846240_2000X2000.jpg', 'https://img.adidas.com.cn/resources/2019/3/7/15519553654662425_2000X2000.jpg', 'https://img.adidas.com.cn/resources/2019/3/7/15519553609827401_2000X2000.jpg']",ä¸­æ€§ Â ORIGINALS,5,women,1,"[{'goods_comment_star': 5, 'goods_comment_time': '2019/04/02', 'goods_comment_comment': 'å¥½å¥½å¥½å“¦é˜¿åå“¦å¥¥å¥½å¥½å“¦å¥¥å¥½å¥½ï¼Œæˆ‘çˆ±é˜¿è¿ª'}, {'goods_comment_star': 5, 'goods_comment_time': '2019/04/02', 'goods_comment_comment': 'å¾ˆå–œæ¬¢å¾ˆå¥½çœ‹ä¹°ç»™åˆ«äººçš„å˜»å˜»å˜»å–œ'}, {'goods_comment_star': 5, 'goods_comment_time': '2019/03/28', 'goods_comment_comment': 'é‚“ä¼¦åŒæ¬¾ç«é€Ÿgetèµ·æ¥äº†ï¼è¶…çº§å–œæ¬¢ä¸‰å¶è‰çš„logoï¼è¿˜æœ‰å°é‡‘èƒ¸é’ˆï¼å¥½çœ‹ï¼'}, {'goods_comment_star': 5, 'goods_comment_time': '2019/03/28', 'goods_comment_comment': 'é˜¿è¿ªè¾¾æ–¯æ˜‚è´µçš„ç‰Œå­ï¼Œä¸€åŒéšä¾¿å°±è¦ä¸Šåƒï¼Œè™½ç„¶ä»·æ ¼è´µï¼Œä½†æ˜¯èˆ’é€‚æ€§ã€é€æ°”æ€§ï¼Œæ˜¯æœ€é‡è¦ï¼Œä½ è¦é€‰æ‹©é˜¿è¿ªï¼Œæ²¡é”™çš„'}, {'goods_comment_star': 5, 'goods_comment_time': '2019/03/28', 'goods_comment_comment': 'ä¸é”™ä¸é”™ä¸é”™ä¸é”™ä¸é”™ä¸é”™ä¸é”™ä¸é”™ä¸é”™ä¸é”™ä¸é”™ä¸é”™ä¸é”™ä¸é”™ä¸é”™ä¸é”™ä¸é”™ä¸é”™ä¸é”™ä¸é”™'}]",https://www.adidas.com.cn/item/DV1411?locale=zh_CN
BUCKET HAT AC æ¸”å¤«å¸½,DV0863,Â¥249,0,é»‘/ç™½,"['OSFW', 'OSFM']","[' ç†Ÿæ‚‰çš„é€ å‹ï¼Œæ–°æ„çš„å‘ˆç°ã€‚è¿™æ¬¾æ¸”å¤«å¸½ï¼Œè®¾è®¡ç®€çº¦ï¼Œé‡‡ç”¨æ–œçº¹æ°´æ´—æ£‰å¸ƒæ‰“é€ ï¼ŒåŠ›æ±‚å‘ˆç°ç»å†é£éœœçš„åšæ—§è´¨æ„Ÿã€‚æ­£é¢ç¼€å¤§å·ä¸‰å¶è‰å¾½æ ‡ï¼ŒèƒŒé¢é…å°å·ä¸‰æ¡çº¹ç»‡å¸¦ã€‚ ', 'æ£‰', 'æ’è‰²ä¸‰å¶è‰å¾½æ ‡']","['https://img.adidas.com.cn/resources/2019/3/25/15535032523338058_2000X2000.jpg', 'https://img.adidas.com.cn/resources/2019/3/25/15535032638132676_2000X2000.jpg', 'https://img.adidas.com.cn/resources/2019/3/25/15535032503587366_2000X2000.jpg', 'https://img.adidas.com.cn/resources/2019/3/25/15535032541457676_2000X2000.jpg', 'https://img.adidas.com.cn/resources/2019/3/25/15535032613938744_2000X2000.jpg', 'https://img.adidas.com.cn/resources/2019/3/25/15535032588403092_2000X2000.jpg']",ä¸­æ€§ Â ORIGINALS,6,women,1,"[{'goods_comment_star': 5, 'goods_comment_time': '2019/04/03', 'goods_comment_comment': 'è¿™æ¬¾å¸½å­åº”è¯¥æ˜¯ä»Šå¹´çš„æ–°æ¬¾ï¼Œä¸å»å¹´ä¹°çš„æ¸”å¤«å¸½æ¬¾å¼ä¸Šç•¥æœ‰ä¸åŒï¼Œæ¯”å¦‚å¸½æ²¿è¾ƒçª„ï¼Œå¾ˆå–œæ¬¢ã€‚æ˜¯æ˜¥å¤©çš„é¢œè‰²ã€‚å»ºè®®å•†å®¶åœ¨äº§å“è¯´æ˜é‡ŒæŠŠäº§å“çš„ç‰¹å¾æè¿°è¯¦ç»†äº›ã€‚'}, {'goods_comment_star': 5, 'goods_comment_time': '2019/04/02', 'goods_comment_comment': 'ä¸é”™ è€å©†å¾ˆæ»¡æ„çš„å¥½çœ‹çš„å¸½å­ã€‚'}, {'goods_comment_star': 5, 'goods_comment_time': '2019/04/02', 'goods_comment_comment': 'å¸½å­æ”¶åˆ°äº†ï¼Œæˆ´ä¸ŠæŒºå¥½çœ‹çš„ï¼Œé»‘è‰²æ¯”è¾ƒç™¾æ­ï¼Œå¾ˆå–œæ¬¢ã€‚'}, {'goods_comment_star': 3, 'goods_comment_time': '2019/04/02', 'goods_comment_comment': 'å®è¯å®è¯´æœ‰ç‚¹å¤±æœ›ğŸ˜åšå·¥çœŸçš„æ˜¯ç³™äº†å‘€&hellip;&hellip;å¥½çœ‹å‘¢æ˜¯å¥½çœ‹çš„'}, {'goods_comment_star': 5, 'goods_comment_time': '2019/04/01', 'goods_comment_comment': 'å•Šå•Šå•Šå•Šå•Šå•Šå•Šå•Šå•Šå•Šå•Šå•Šå•Šå•Šå•Šå•Šå•Šå•Š'}]",https://www.adidas.com.cn/item/DV0863?locale=zh_CN
BASEB CLASS TRE å¸½å­,DV0173,Â¥149,0,ç°ç²‰/ç™½,"['OSFW', 'OSFM']","[' è¿™æ¬¾æ£’çƒå¸½ï¼Œå«é¢„æˆå‹å¼§å½¢å¸½æªï¼Œæ—¨åœ¨æ–¹ä¾¿ç©¿æˆ´ã€‚é‡‡ç”¨èˆ’é€‚æ£‰é¢æ–™æ‰“é€ ï¼Œæ­£é¢ç¼€å¤§å·åˆºç»£ä¸‰å¶è‰ã€‚åéƒ¨å«å¯è°ƒèŠ‚æŸå¸¦ï¼Œæ—¨åœ¨æ–¹ä¾¿è°ƒæ•´ã€‚ ', 'æ£‰', 'é¢„æˆå‹å¼§å½¢å¸½æª', 'å¯è°ƒèŠ‚åå¸¦é…Då½¢ç¯æ‰£åˆ']","['https://img.adidas.com.cn/resources/2019/3/7/1551954892884701_2000X2000.jpg', 'https://img.adidas.com.cn/resources/2019/3/7/15519548947139768_2000X2000.jpg', 'https://img.adidas.com.cn/resources/2019/3/7/15519549004518967_2000X2000.jpg', 'https://img.adidas.com.cn/resources/2019/3/7/15519548868755282_2000X2000.jpg', 'https://img.adidas.com.cn/resources/2019/3/7/15519548893718641_2000X2000.jpg', 'https://img.adidas.com.cn/resources/2019/3/7/15519548978686970_2000X2000.jpg']",ä¸­æ€§ Â ORIGINALS,7,women,1,"[{'goods_comment_star': 5, 'goods_comment_time': '2019/04/02', 'goods_comment_comment': 'è´¼èµè¿™ä¸ªé¢œè‰²ï¼Œç¾ç¾å“’ã€‚å¥½çœ‹ã€‚çœŸçš„è§‰å¾—å®˜ç½‘è´¼æ£’ï¼Œç§¯åˆ†èƒ½å…‘æ¢ä¼˜æƒ åˆ¸ï¼Œä¸€å¦‚æ—¢å¾€çš„å–œæ¬¢å•Š'}, {'goods_comment_star': 5, 'goods_comment_time': '2019/03/31', 'goods_comment_comment': 'å“ˆå¥½å¥½å¥½å¥½å¥½å¥½å¥½å¥½å¥½å¥½å¥½å¥½å¥½å¥½'}, {'goods_comment_star': 5, 'goods_comment_time': '2019/03/31', 'goods_comment_comment': 'å¾ˆå¥½ï¼å®é™…é¢œè‰²æ·±ä¸€ç‚¹ï¼éå¸¸å¥½çœ‹ï¼å¤Ÿéªšæ°”ï¼'}, {'goods_comment_star': 5, 'goods_comment_time': '2019/03/30', 'goods_comment_comment': 'æŒºåˆé€‚ï¼Œå°±æ˜¯é¢œè‰²å¯ä»¥æœ‰åˆ«çš„é€‰é¡¹å°±æ›´å¥½äº†ã€‚'}, {'goods_comment_star': 5, 'goods_comment_time': '2019/03/29', 'goods_comment_comment': 'å¸½å‹å¾ˆå¥½ï¼Œæˆ´ä¸Šå¥½çœ‹ã€‚ä»¥åéƒ½åœ¨é˜¿è¿ªä¹°å¸½å­äº†ã€‚'}]",https://www.adidas.com.cn/item/DV0173?locale=zh_CN
AF TRUCKER TREF å¸½å­,DV0170,Â¥199,0,é»‘/é»‘,"['OSFW', 'OSFM']","[' è¿™æ¬¾å¡è½¦å¸æœºå¸½ï¼Œç»å…¸â€œå¯¹å¯¹ç¢°â€ã€‚ä¸­é—´ç¼€å¤§å·ä¸‰å¶è‰ç»£æ ‡ï¼Œå¸½æªç•¥å¸¦å¼§å½¢ã€‚é‡‡ç”¨æ£‰é¢æ–™æ­é…ç½‘æå¹…ç‰‡ï¼Œå«æŒ‰æ‰£åå¸¦ã€‚ ', 'æ£‰', 'é¢„æˆå‹å¼§å½¢å¸½æª', 'å¯è°ƒèŠ‚æŒ‰æ‰£æ­æ‰£', 'ç½‘æåç‰‡']","['https://img.adidas.com.cn/resources/2019/3/7/15519548967908021_2000X2000.jpg', 'https://img.adidas.com.cn/resources/2019/3/7/1551954898595540_2000X2000.jpg', 'https://img.adidas.com.cn/resources/2019/3/7/15519549052388784_2000X2000.jpg', 'https://img.adidas.com.cn/resources/2019/3/7/15519548943922063_2000X2000.jpg', 'https://img.adidas.com.cn/resources/2019/3/7/15519548918473399_2000X2000.jpg', 'https://img.adidas.com.cn/resources/2019/3/7/15519549014096527_2000X2000.jpg']",ä¸­æ€§ Â ORIGINALS,8,women,1,"[{'goods_comment_star': 4, 'goods_comment_time': '2019/03/30', 'goods_comment_comment': 'éå¸¸æ£’éå¸¸æ£’éå¸¸æ£’éå¸¸æ£’éå¸¸æ£’'}, {'goods_comment_star': 4, 'goods_comment_time': '2019/03/24', 'goods_comment_comment': 'å¾ˆçˆ±çš„å¸½å­ æ–°æ¬¾  å®ä½“åº—é‡Œçœ‹åˆ°  ç«‹é©¬å®˜ç½‘ä¸‹å•äº†'}, {'goods_comment_star': 5, 'goods_comment_time': '2019/03/23', 'goods_comment_comment': 'å‘è´§ç¥é€Ÿï¼Œåšå·¥ä¸é”™ï¼Œæ¯”è¾ƒæ»¡æ„ã€‚'}, {'goods_comment_star': 5, 'goods_comment_time': '2019/03/22', 'goods_comment_comment': 'å¸½å­åˆšåˆšå¥½ï¼Œèˆ’æœé€šé£å•Šï¼Œå¥½ä¸œè¥¿å€¼å¾—æ‹¥æœ‰'}, {'goods_comment_star': 5, 'goods_comment_time': '2019/03/16', 'goods_comment_comment': 'ä¸€ç›´æƒ³ä¹°åé¢ç½‘çŠ¶é€æ°”çš„å¸½å­ï¼Œè¿˜æœ‰æœ€å–œæ¬¢å¸½å­æ˜¯è¿™ç§è°ƒèŠ‚æ–¹å¼çš„æ¬¾ã€‚'}]",https://www.adidas.com.cn/item/DV0170?locale=zh_CN
BILLDOGSNAPBCK å¸½å­,DU8292,Â¥299,0,ç™½/ç®€å•é»„,"['OSFW', 'OSFM']","[' è¿™æ¬¾ä¼‘é—²çš„åŸºæœ¬æ¬¾æ£‰è´¨å¸½å­ï¼Œé¥°æœ‰çº½çº¦æ’ç”»å¸ˆBill Rebholzæ¯”å°”Â·é›·å¸ƒéœå…¹çš„æ’ç”»ä½œå“ã€‚é‡‡ç”¨æ–œçº¹å¸ƒé¢æ–™ï¼Œç¼€ç¯èŠ¯ç»’å¸½æªã€‚é…åæ‰£å¼å¯è°ƒèŠ‚æ­æ‰£ï¼Œæ–¹ä¾¿è°ƒèŠ‚ï¼Œè®©å¸½å­å’Œä½ çš„é€ å‹èä¸ºä¸€ä½“ã€‚ ', 'æ£‰', 'å¹³æª', 'åæ­æ‰£', 'ç”±æ¯”å°”Â·é›·å¸ƒéœå…¹ç‰¹åˆ«åˆ›ä½œçš„æ’å›¾']","['https://img.adidas.com.cn/resources/2019/3/7/15519550550198145_2000X2000.jpg', 'https://img.adidas.com.cn/resources/2019/3/7/15519550683843049_2000X2000.jpg', 'https://img.adidas.com.cn/resources/2019/3/7/15519550636789188_2000X2000.jpg', 'https://img.adidas.com.cn/resources/2019/3/7/15519550657241520_2000X2000.jpg', 'https://img.adidas.com.cn/resources/2019/3/7/15519550610837656_2000X2000.jpg', 'https://img.adidas.com.cn/resources/2019/3/7/15519550583096891_2000X2000.jpg']",ä¸­æ€§ Â ORIGINALS,9,women,1,"[{'goods_comment_star': 5, 'goods_comment_time': '2019/03/13', 'goods_comment_comment': 'å¸½å­å¾ˆèˆ’é€‚ è´¨é‡å¾ˆå¥½ æˆ´çš„æ„Ÿè§‰éå¸¸å·'}]",https://www.adidas.com.cn/item/DU8292?locale=zh_CN
AFRAME CAP å¸½å­,DU6796,Â¥299,0,é»‘/ç™½,['OSFM'],"[' è¿™æ¬¾å¡è½¦å¸æœºå¸½ï¼Œæ–°é¢–æ—¶å°šï¼Œé‡‡ç”¨æ£‰è´¨å¸†å¸ƒæ‰“é€ ï¼Œæœ‰åˆ«äºé€šå¸¸çš„ç½‘æè´¨åœ°ã€‚é…é¢„æˆå‹å¼§å½¢å¸½æªï¼Œç¼€ä¸‰å¶è‰å¾½æ ‡è¡¥ä¸ï¼Œå¢æ·»è¿åŠ¨æƒ…è¶£ã€‚ ', 'æ£‰', 'é¢„æˆå‹å¼§å½¢å¸½æª', 'å¯è°ƒèŠ‚æŒ‰æ‰£æ­æ‰£']","['https://img.adidas.com.cn/resources/2019/3/7/15519553505645178_2000X2000.jpg', 'https://img.adidas.com.cn/resources/2019/3/7/15519553437289413_2000X2000.jpg', 'https://img.adidas.com.cn/resources/2019/3/7/15519553523476811_2000X2000.jpg', 'https://img.adidas.com.cn/resources/2019/3/7/1551955338782632_2000X2000.jpg', 'https://img.adidas.com.cn/resources/2019/3/7/1551955345484230_2000X2000.jpg', 'https://img.adidas.com.cn/resources/2019/3/7/1551955347994408_2000X2000.jpg']",ä¸­æ€§ Â ORIGINALS,10,women,1,"[{'goods_comment_star': 5, 'goods_comment_time': '2019/04/02', 'goods_comment_comment': 'å¸½å­ç®€å•logoï¼Œå¤§æ°”ï¼Œç™¾æ­ï¼Œä¸æ˜¯å¾ˆè¿åŠ¨æ¬¾ï¼Œå„ç§é€ å‹éƒ½èƒ½æ­é…ã€‚æ€§ä»·æ¯”ä¹Ÿå¥½ã€‚æ¨èï¼'}]",https://www.adidas.com.cn/item/DU6796?locale=zh_CN
TX TRAIL HB æˆ·å¤–å¤´å¸¦,DT5094,Â¥99,0,ç°ç™½/é»‘,"['OSFW', 'OSFM']","[' å¥”è·‘ï¼Œå¾’æ­¥ï¼Œæ»‘é›ªï¼Œè®©è¿™æ¬¾å¤´å¸¦ä¸ºæˆ·å¤–è¿åŠ¨æ·»èˆ’é€‚ã€‚è®¾è®¡åˆ«è‡´ï¼Œæ—¨åœ¨é€‚åº”ä¸åŒç¯å¢ƒçŠ¶å†µã€‚ ', 'å°ºå¯¸ï¼šå®½åº¦ï¼š9.5å˜ç±³ï¼›å¹³é“ºé•¿åº¦ï¼š23.5å˜ç±³', 'Climaliteé¢æ–™', 'è™¾é¡»çº¿æ¥ç¼', 'é¢æ–™èˆ’é€‚', 'ä¸å°Terrexå›¾æ¡ˆ', 'åå…‰ç»†èŠ‚']","['https://img.adidas.com.cn/resources/2019/3/7/15519566020273500_2000X2000.jpg', 'https://img.adidas.com.cn/resources/2019/3/7/15519566040106053_2000X2000.jpg', 'https://img.adidas.com.cn/resources/2019/3/7/15519565992141459_2000X2000.jpg', 'https://img.adidas.com.cn/resources/2019/3/7/15519565962658829_2000X2000.jpg', 'https://img.adidas.com.cn/resources/2019/3/7/1551956607459437_2000X2000.jpg']",ä¸­æ€§ Â è¿åŠ¨è¡¨ç° Â æˆ·å¤–,11,women,1,"[{'goods_comment_star': 5, 'goods_comment_time': '2019/03/29', 'goods_comment_comment': 'ç»™åŠ›å—·ç»™åŠ›å—·ç»™åŠ›å—·ç»™ç»™åŠ›ç»™åŠ›å—·'}, {'goods_comment_star': 5, 'goods_comment_time': '2019/03/23', 'goods_comment_comment': 'ä¸é”™çš„å¤´å¸¦ï¼Œå»ºè®®æ¯æ¬¡éƒ½æ¸…æ´—ï¼ï¼ï¼ï¼ï¼'}]",https://www.adidas.com.cn/item/DT5094?locale=zh_CN
W WL TRUCKER è¿åŠ¨å¸½,DT4052,Â¥169,0,ç™½/é»‘/é»‘ ,['OSFW'],"[' å…±æ²å†’é™©ç²¾ç¥ï¼Œæ‰¾å¯»èº«å¿ƒçš„å¹³è¡¡ã€‚è¿™æ¬¾å¯è°ƒèŠ‚å¸½å­ï¼Œè”åˆWanderlustç‘œä¼½èŠ‚å…±åŒæ‰“é€ ï¼Œæ­£é¢é‡‡ç”¨æ–œçº¹æ£‰å¸ƒé¢æ–™ï¼Œä¾§è¾¹å’Œåéƒ¨å«ç½‘æå¹…é¢ã€‚å¦é¥°åå…‰ç»†èŠ‚å’Œç‘œä¼½èŠ‚å¾½æ ‡ï¼Œæ›´æ·»çµæ°”ã€‚ ', 'å¥³å£«å‡ç ', 'æ­£é¢ï¼šèšä¸™çƒ¯ï¼›ä¾§ç‰‡å’Œåç‰‡ï¼šèšé…¯çº¤ç»´', 'é¢„æˆå‹å¼§å½¢å¸½æª', 'å¡‘æ–™å¸½æ‰£', 'Wanderlustå¾½æ ‡', 'åå…‰ç»†èŠ‚']","['https://img.adidas.com.cn/resources/2019/3/7/15519506488295979_2000X2000.jpg', 'https://img.adidas.com.cn/resources/2019/3/7/15519506469186353_2000X2000.jpg', 'https://img.adidas.com.cn/resources/2019/3/7/15519506408976551_2000X2000.jpg', 'https://img.adidas.com.cn/resources/2019/3/7/15519506509304128_2000X2000.jpg', 'https://img.adidas.com.cn/resources/2019/3/7/15519506361641059_2000X2000.jpg', 'https://img.adidas.com.cn/resources/2019/3/7/15519506440593371_2000X2000.jpg']",å¥³å­ Â è¿åŠ¨è¡¨ç° Â è®­ç»ƒ,12,women,1,[],https://www.adidas.com.cn/item/DT4052?locale=zh_CN
W WL TRUCKER è¿åŠ¨å¸½,DT4051,Â¥169,0,é»‘/é»‘/é»‘ ,['OSFW'],"[' å…±æ²å†’é™©ç²¾ç¥ï¼Œæ‰¾å¯»èº«å¿ƒçš„å¹³è¡¡ã€‚è¿™æ¬¾å¯è°ƒèŠ‚å¸½å­ï¼Œè”åˆWanderlustç‘œä¼½èŠ‚å…±åŒæ‰“é€ ï¼Œæ­£é¢é‡‡ç”¨æ–œçº¹æ£‰å¸ƒé¢æ–™ï¼Œä¾§è¾¹å’Œåéƒ¨å«ç½‘æå¹…é¢ã€‚å¦é¥°åå…‰ç»†èŠ‚å’Œç‘œä¼½èŠ‚å¾½æ ‡ï¼Œæ›´æ·»çµæ°”ã€‚ ', 'å¥³å£«å‡ç ', 'æ­£é¢ï¼šèšä¸™çƒ¯ï¼›ä¾§ç‰‡å’Œåç‰‡ï¼šèšé…¯çº¤ç»´', 'é¢„æˆå‹å¼§å½¢å¸½æª', 'å¡‘æ–™å¸½æ‰£', 'Wanderlustå¾½æ ‡', 'åå…‰ç»†èŠ‚']","['https://img.adidas.com.cn/resources/2019/3/7/15519506579221753_2000X2000.jpg', 'https://img.adidas.com.cn/resources/2019/3/7/15519506533562452_2000X2000.jpg', 'https://img.adidas.com.cn/resources/2019/3/7/1551950644001252_2000X2000.jpg', 'https://img.adidas.com.cn/resources/2019/3/7/15519506507023057_2000X2000.jpg', 'https://img.adidas.com.cn/resources/2019/3/7/15519506461462184_2000X2000.jpg', 'https://img.adidas.com.cn/resources/2019/3/7/15519506552209736_2000X2000.jpg']",å¥³å­ Â è¿åŠ¨è¡¨ç° Â è®­ç»ƒ,13,women,1,[],https://www.adidas.com.cn/item/DT4051?locale=zh_CN
TIRO C40 CAP è¶³çƒå¸½å­,DQ1073,Â¥99,0,é»‘/ç™½,['OSFM'],"[' å´‡å°šè¿åŠ¨ã€‚è¿™æ¬¾å¸½å­ï¼Œæ­£é¢ç¼€ç»å…¸ä¸‰æ¡çº¹ï¼ŒåŠ›æ±‚å±•ç°ä½ å¯¹è¶³çƒçš„çƒ­çˆ±ã€‚å†…å«è¡¬é‡Œï¼Œä½©æˆ´èˆ’é€‚ï¼Œæ­é…é¢„æˆå‹å¼§å½¢å¸½æªã€‚ ', 'å‡ç ï¼ŒåŠ›æ±‚é€‚åˆå¤šæ•°äººä½¿ç”¨', 'æ£‰', 'é¢„æˆå‹å¼§å½¢å¸½æª', 'å¯è°ƒèŠ‚æ­æ‰£', 'Climaliteæ±—å¸¦', 'æ—¨åœ¨é€‚åˆè‰³é˜³å¤©ä½©æˆ´']","['https://img.adidas.com.cn/resources/2019/3/25/1553503538539490_2000X2000.jpg', 'https://img.adidas.com.cn/resources/2019/3/25/1553503544136223_2000X2000.jpg', 'https://img.adidas.com.cn/resources/2019/3/25/15535035411635_2000X2000.jpg', 'https://img.adidas.com.cn/resources/2019/3/25/15535035457591977_2000X2000.jpg', 'https://img.adidas.com.cn/resources/2019/3/25/15535035365123115_2000X2000.jpg', 'https://img.adidas.com.cn/resources/2019/3/25/15535035477597529_2000X2000.jpg']",ä¸­æ€§ Â è¿åŠ¨è¡¨ç° Â è¶³çƒ,14,women,1,"[{'goods_comment_star': 5, 'goods_comment_time': '2019/04/02', 'goods_comment_comment': 'ä¸é”™..............'}, {'goods_comment_star': 5, 'goods_comment_time': '2019/03/31', 'goods_comment_comment': 'æ£’æ£’æ£’æ£’æ£’æ£’æ£’æ£’æ£’æ£’æ£’æ£’æ£’æ£’æ£’æ£’æ£’æ£’'}, {'goods_comment_star': 5, 'goods_comment_time': '2019/03/29', 'goods_comment_comment': 'å¤§çˆ±ï¼Œæ˜¯æˆ‘æƒ³è¦çš„ï¼Œå°ºç åˆšåˆšå¥½ï¼Œæ˜¯æˆ‘å–œæ¬¢çš„'}, {'goods_comment_star': 5, 'goods_comment_time': '2019/03/28', 'goods_comment_comment': 'å¸½å­æœ¬æ¥ä¹°ç»™è‡ªå·±çš„ï¼Œè€å©†ä¹Ÿçœ‹ä¸Šäº†ï¼Œæ‹¿èµ°äº†ã€‚ç®¡å®ƒäº†ï¼Œåªè¦ä¸æ˜¯ç»¿çš„å°±è¡Œï¼Œ'}, {'goods_comment_star': 5, 'goods_comment_time': '2019/03/25', 'goods_comment_comment': 'ç‰¹åˆ«çš„å¥½ ç”¨ä¼˜æƒ åŠµä¹°çš„ä¸œè¥¿å®è¯å®è¯´è¡¨ç¤ºæ„ŸåŠ¨'}]",https://www.adidas.com.cn/item/DQ1073?locale=zh_CN
AZ LIGHT CAP è¿åŠ¨å¸½,DM8815,Â¥169,0,é»‘/é“¶é‡‘å±,"['OSFW', 'OSFM']","[' è¿™æ¬¾å¸½å­ï¼Œé‡‡ç”¨èˆ’é€‚é¢æ–™ï¼Œæ—¨åœ¨ä¼´ä½ è‡ªåœ¨é•¿è·‘ã€‚é…æ¿€å…‰åˆ‡å‰²æ‰“å­”ï¼ŒåŠ›æ±‚ä¸ºè¿åŠ¨æ·»èˆ’é€‚ï¼Œåéƒ¨å«å¯è°ƒèŠ‚æŸå¸¦ï¼Œæ—¨åœ¨æ–¹ä¾¿è°ƒæ•´ã€‚ ', 'å‡ç ï¼ŒåŠ›æ±‚é€‚åˆå¤šæ•°äººä½¿ç”¨', 'èšé…¯çº¤ç»´', 'é¢„æˆå‹å¼§å½¢å¸½æª', 'å¯è°ƒèŠ‚åå¸¦', 'æ¿€å…‰åˆ‡å‰²è®¾è®¡', 'é¢æ–™èˆ’é€‚', 'åå…‰ç»†èŠ‚']","['https://img.adidas.com.cn/resources/2019/3/7/1551950671085116_2000X2000.jpg', 'https://img.adidas.com.cn/resources/2019/3/7/15519506731813204_2000X2000.jpg', 'https://img.adidas.com.cn/resources/2019/3/7/15519506629415972_2000X2000.jpg', 'https://img.adidas.com.cn/resources/2019/3/7/15519506680274797_2000X2000.jpg', 'https://img.adidas.com.cn/resources/2019/3/7/15519506650666099_2000X2000.jpg', 'https://img.adidas.com.cn/resources/2019/3/7/15519506605145077_2000X2000.jpg']",ä¸­æ€§ Â è¿åŠ¨è¡¨ç° Â è·‘æ­¥,15,women,1,"[{'goods_comment_star': 5, 'goods_comment_time': '2019/03/26', 'goods_comment_comment': 'å’Œåˆé€‚å¤å¤©ä½¿ç”¨ï¼ğŸ‘Œï¼ğŸ‘Œï¼ğŸ‘Œ'}, {'goods_comment_star': 5, 'goods_comment_time': '2019/03/26', 'goods_comment_comment': 'é¡ºä¸°ç‰©æµéå¸¸å¿«ï¼Œå¸½å­é€‚åˆå¤å¤©æˆ´'}, {'goods_comment_star': 4, 'goods_comment_time': '2019/03/25', 'goods_comment_comment': 'å¤å¤©è·‘æ­¥å‡‰å¸½ï¼Œä¸æ˜¯ç¡¬çš„é‚£ç§å¸½æªï¼Œå¾ˆè½¯çš„'}]",https://www.adidas.com.cn/item/DM8815?locale=zh_CN
BOX CAP å¸½å­,DW6711,Â¥369,0,æ·±è—é’è“,"['OSFM', 'OSFL']","[' adidas Spezialç³»åˆ—ï¼Œæ‰æ ¹adidaså¤å¤ä¼‘é—²é£æ ¼ï¼Œä¸“æ³¨ç°ä»£æ—¶å°šè®¾è®¡ã€‚è¿™æ¬¾å¸½å­ï¼Œé‡‡ç”¨ç»å…¸å¹³æªè®¾è®¡ï¼Œæ—¨åœ¨ç»™ä½ çš„å¤æ—¥å¸¦æ¥æ—¶å°šè‰²å½©ã€‚é‡‡ç”¨å¹³çº¹é¢æ–™æ‰“é€ ï¼Œæ­£é¢é¥°Spezialå¼æ ·çš„æ–¹æ¡†å¾½æ ‡å°èŠ±ã€‚ ', 'å¹³æª', 'å¯è°ƒå¼æ‰£å¸¦', 'adidas x SPZLå¾½æ ‡']","['https://img.adidas.com.cn/resources/2019/2/21/15507397286782797_2000X2000.jpg', 'https://img.adidas.com.cn/resources/2019/2/21/15507397179683990_2000X2000.jpg', 'https://img.adidas.com.cn/resources/2019/2/21/15507397265876897_2000X2000.jpg', 'https://img.adidas.com.cn/resources/2019/2/21/15507397201033086_2000X2000.jpg', 'https://img.adidas.com.cn/resources/2019/2/21/15507397227758194_2000X2000.jpg', 'https://img.adidas.com.cn/resources/2019/2/21/15507397154084825_2000X2000.jpg']",ä¸­æ€§ Â ORIGINALS,16,women,1,[],https://www.adidas.com.cn/item/DW6711?locale=zh_CN
CAP å¸½å­,EJ7422,Â¥399,0,æ·±è“,"['OSFW', 'OSFM']","[' è¿™æ¬¾å¸½å­ï¼Œç”±adidasè”æ‰‹æ—¶å°šç•Œæ–°æ˜ŸJi Won Choiå´”æ™ºè‹‘å…±åŒè®¾è®¡ï¼Œé‡‡ç”¨ç®€çº¦æ–œçº¹æ£‰å¸ƒæ‰“é€ ã€‚å«é•¿åå¸¦ï¼Œé€ å‹æ‘©ç™»å…¸é›…ã€‚å¸½æªå¸¦é¢„æˆå‹å¼§åº¦ï¼Œé“ä¸½è®¨å–œã€‚ ', 'æ£‰', 'é¢„æˆå‹å¼§å½¢å¸½æª', 'é•¿åå¸¦']","['https://img.adidas.com.cn/resources/2019/1/29/15487444573126533_2000X2000.jpg', 'https://img.adidas.com.cn/resources/2019/1/29/15487444511683306_2000X2000.jpg', 'https://img.adidas.com.cn/resources/2019/1/29/15487444592867377_2000X2000.jpg', 'https://img.adidas.com.cn/resources/2019/1/29/15487444485235572_2000X2000.jpg', 'https://img.adidas.com.cn/resources/2019/1/29/1548744462366599_2000X2000.jpg', 'https://img.adidas.com.cn/resources/2019/1/29/15487444547498920_2000X2000.jpg']",ä¸­æ€§ Â ORIGINALS,17,women,1,"[{'goods_comment_star': 5, 'goods_comment_time': '2019/03/18', 'goods_comment_comment': 'å¾ˆæ»¡æ„ï¼Œè´¨é‡ä¹Ÿå¾ˆå¥½ï¼Œçœ‹è§ä¸å¤šäº†æœæ–­ä¸‹æ‰‹'}, {'goods_comment_star': 5, 'goods_comment_time': '2019/03/06', 'goods_comment_comment': 'å¼ºçƒˆå»ºè®®å†™ä¸Šäº§åœ°å’Œè¯¥æ¬¾å°ºå¯¸æ˜ç»†ï¼'}, {'goods_comment_star': 5, 'goods_comment_time': '2019/02/28', 'goods_comment_comment': 'å¾ˆæ£’å“¦ï¼è¿˜å¥½è¿˜å¥½å“ˆè¿˜å¥½è¿˜å¥½å“ˆå“ˆå“ˆå“ˆ(à²¡&omega;à²¡)hiahiahia'}, {'goods_comment_star': 5, 'goods_comment_time': '2019/02/27', 'goods_comment_comment': 'å¸½å­å°ºå¯¸å¾ˆåˆé€‚ ä¹Ÿå¯ä»¥è‡ªå·±è°ƒèŠ‚å¤§å° å¸¦ç€éå¸¸æœ‰æ—¶å°šæ„Ÿ å°±åé¢ä¸¤æ ¹ç»³å­ä¸å¤ªä¼šç³»'}]",https://www.adidas.com.cn/item/EJ7422?locale=zh_CN
REVERSIBLE CAP å¸½å­,DU6972,Â¥349,0,å¸¸æ˜¥è—¤ç»¿/é»‘,"['OSFW', 'OSFM']","[' æ¢å¿ƒæƒ…ï¼Œæ¢é€ å‹ã€‚è¿™æ¬¾å¸½å­ï¼Œå¸½æªåˆ«è‡´ï¼Œæ—¨åœ¨æ–¹ä¾¿ç¿»é¢ã€‚ä¸¤é¢å‡å¯ç©¿æˆ´ï¼Œå¹¶é¥°æœ‰é†’ç›®NMDæ ‡å¿—ã€‚ ', 'åˆ«è‡´å¸½æª', 'é­”æœ¯è´´ç²˜æ‰£è®¾è®¡']","['https://img.adidas.com.cn/resources/2019/1/29/15487478713573056_2000X2000.jpg', 'https://img.adidas.com.cn/resources/2019/1/29/15487478623612783_2000X2000.jpg', 'https://img.adidas.com.cn/resources/2019/1/29/15487478605317159_2000X2000.jpg', 'https://img.adidas.com.cn/resources/2019/1/29/15487478656421463_2000X2000.jpg', 'https://img.adidas.com.cn/resources/2019/1/29/15487478684972587_2000X2000.jpg', 'https://img.adidas.com.cn/resources/2019/1/29/15487478581344875_2000X2000.jpg']",ä¸­æ€§ Â ORIGINALS,18,women,1,"[{'goods_comment_star': 5, 'goods_comment_time': '2019/03/21', 'goods_comment_comment': 'å®ç‰©å¥½åƒæœ‰ç‚¹åç»¿å•Šï¼Œè™½ç„¶ä¸æ˜¯å¾ˆç»¿çš„é‚£ç§ï¼Œç»¿å¸½å­å¥½åƒæœ‰ç‚¹å°´å°¬ï¼Œèƒ½æˆ´å—ï¼Ÿ'}]",https://www.adidas.com.cn/item/DU6972?locale=zh_CN
RECYCLED CAP å¸½å­,DV0257,Â¥399,0,é»‘,['OSFM'],"[' é€ å‹æ—¶å°šï¼ŒåŒæ—¶åŠ›æ±‚ç¯ä¿ã€‚è¿™æ¬¾æ—¶å°šçš„äº”ç‰‡å¼å¸½å­ï¼Œé‡‡ç”¨å†ç”Ÿç½‘æå’Œæ‚è‰²æ–œçº¹å¸ƒé¢æ–™ï¼Œæ­£é¢é¥°ç®€çº¦ä¸‰å¶è‰å¾½æ ‡ã€‚ ', 'å¸½èˆŒå’Œå‰å¹…ç‰‡ï¼šå†ç”Ÿæ‚è‰²æ–œçº¹å¸ƒï¼›ä¾§å¹…ï¼šå†ç”Ÿèšé…¯çº¤ç»´', 'ä¹™çƒ¯/ä¹™é…¸ä¹™çƒ¯é…¯ï¼ˆEVAï¼‰å¸½æª', 'äº”ç‰‡å¼ç»“æ„', 'å¯è°ƒèŠ‚æ­æ‰£']","['https://img.adidas.com.cn/resources/2019/1/11/15472034090018518_2000X2000.jpg', 'https://img.adidas.com.cn/resources/2019/1/11/15472034228958665_2000X2000.jpg', 'https://img.adidas.com.cn/resources/2019/1/11/15472034143646302_2000X2000.jpg', 'https://img.adidas.com.cn/resources/2019/1/11/15472034165934199_2000X2000.jpg', 'https://img.adidas.com.cn/resources/2019/1/11/15472034118601123_2000X2000.jpg', 'https://img.adidas.com.cn/resources/2019/1/11/15472034189501682_2000X2000.jpg']",ä¸­æ€§ Â ORIGINALS,19,women,1,[],https://www.adidas.com.cn/item/DV0257?locale=zh_CN
SB CLASSIC TRE å¸½å­,DV0176,Â¥249,0,é»‘/ç™½,"['OSFW', 'OSFM']","[' åŠ›æ±‚å±•ç°ä½ çš„adidaså…ƒæ°”ã€‚è¿™æ¬¾å¹³æªå¸½å­ï¼Œæ‰¿è¢­adidas Originalsç»å…¸é£æ ¼ï¼Œæ­£é¢ç¼€å¤§å·åˆºç»£ä¸‰å¶è‰å¾½æ ‡ã€‚é‡‡ç”¨æ‹‰ä¼¸æ£‰è´¨é¢æ–™ï¼Œæ­é…å¯è°ƒèŠ‚æŒ‰æ‰£ï¼Œä½©æˆ´èˆ’é€‚ã€‚ ', 'æ£‰', 'å¹³æª', 'å¯è°ƒèŠ‚æŒ‰æ‰£å¸¦', 'æµ®é¢åˆºç»£ä¸‰å¶è‰å¾½æ ‡']","['https://img.adidas.com.cn/resources/2019/3/25/15535036099047852_2000X2000.jpg', 'https://img.adidas.com.cn/resources/2019/3/25/15535036141643508_2000X2000.jpg', 'https://img.adidas.com.cn/resources/2019/3/25/15535036080649453_2000X2000.jpg', 'https://img.adidas.com.cn/resources/2019/3/25/15535036115567587_2000X2000.jpg', 'https://img.adidas.com.cn/resources/2019/3/25/15535036170621479_2000X2000.jpg', 'https://img.adidas.com.cn/resources/2019/3/25/15535036047646451_2000X2000.jpg']",ä¸­æ€§ Â ORIGINALS,20,women,1,"[{'goods_comment_star': 5, 'goods_comment_time': '2019/03/27', 'goods_comment_comment': 'å¸½å­å¾ˆæ£’ï¼Œè´¨é‡çœ‹èµ·æ¥ä¹Ÿå¾ˆå¥½ã€‚å€¼å¾—æ¨è'}, {'goods_comment_star': 5, 'goods_comment_time': '2019/03/22', 'goods_comment_comment': 'å¸½å­ä¸é”™ä¹°äº†ä¸€å®šå°±æ˜¯æœ‰ç‚¹çƒ­ï¼Œåˆé€‚å†¬å¤©å¸¦ï¼Œ'}, {'goods_comment_star': 5, 'goods_comment_time': '2019/03/22', 'goods_comment_comment': 'å¸½å­ä¸é”™ä¹°äº†ä¸€å®šå°±æ˜¯æœ‰ç‚¹çƒ­ï¼Œåˆé€‚å†¬å¤©å¸¦ï¼Œ'}, {'goods_comment_star': 5, 'goods_comment_time': '2019/02/20', 'goods_comment_comment': 'æ˜¯çš„ï¼Œå¾ˆå¥½çœ‹ï¼Œä¸‹æ¬¡è¯•è¯•é‚£æ¬¾æ–°å¸½å­'}, {'goods_comment_star': 5, 'goods_comment_time': '2019/01/22', 'goods_comment_comment': 'ä¸é”™ä¸é”™ï¼Œè¦æ˜¯æœ‰é‡‘æ ‡çš„å°±æ›´å¥½çœ‹äº†ï¼'}]",https://www.adidas.com.cn/item/DV0176
SAMSTAG ARC CAP å¸½å­,DU6799,Â¥349,0,çº¢/é’è“,['OSFM'],"[' è¿™æ¬¾æ£‰è´¨å¸½å­ï¼Œæ¥è‡ªSamstagç³»åˆ—ï¼Œå¸¦æ¥å¤å¤æ„å¤§åˆ©è¿åŠ¨æœé¥°çš„ä¼‘é—²é€ å‹ã€‚é‡‡ç”¨ç»å…¸æ–œçº¹å¸ƒæ‰“é€ ï¼Œç¼€é‡‘è‰²é‡‘å±ä¸‰å¶è‰åˆ«ç« ï¼ŒåæŒ‰æ‰£ä¸Šæ–¹é¥°å¼§å½¢åˆºç»£adidaså­—æ ·ã€‚ ', 'æ£‰', 'å¹³æª', 'å¯è°ƒèŠ‚æŒ‰æ‰£å¸¦', 'æ­£é¢ç¼€é‡‘è‰²é‡‘å±ä¸‰å¶è‰åˆ«ç« ï¼›èƒŒé¢é¥°åˆºç»£adidasæ ‡']","['https://img.adidas.com.cn/resources/2019/3/25/15535036780618590_2000X2000.jpg', 'https://img.adidas.com.cn/resources/2019/3/25/15535036833083443_2000X2000.jpg', 'https://img.adidas.com.cn/resources/2019/3/25/15535036850017261_2000X2000.jpg', 'https://img.adidas.com.cn/resources/2019/3/25/15535036757261792_2000X2000.jpg', 'https://img.adidas.com.cn/resources/2019/3/25/15535036809659012_2000X2000.jpg', 'https://img.adidas.com.cn/resources/2019/3/25/15535036735217666_2000X2000.jpg']",ä¸­æ€§ Â ORIGINALS,21,women,1,"[{'goods_comment_star': 5, 'goods_comment_time': '2019/03/14', 'goods_comment_comment': 'æœ‰ç‚¹å¥½çœ‹å•Šï¼å¸¦ä¸Šå¾ˆé˜³å…‰ï¼Œå¾ˆé©¬é‡Œå¥¥'}, {'goods_comment_star': 3, 'goods_comment_time': '2019/03/04', 'goods_comment_comment': 'åç¡¬ï¼Œå¸½å­æœ‰ç‚¹å¤§ï¼Œæ˜¯ç”·ç”Ÿçš„sizeï¼Œä½†çº¢è‰²å¾ˆæ­£ï¼Œé‡‘è‰²å¾½ç« è¦è‡ªå·±æ‰£'}, {'goods_comment_star': 5, 'goods_comment_time': '2019/02/07', 'goods_comment_comment': 'ä¸é”™      ã€‚ã€‚ã€‚ã€‚ã€‚ã€‚ã€‚ã€‚ã€‚ã€‚ã€‚ã€‚ã€‚'}, {'goods_comment_star': 5, 'goods_comment_time': '2019/01/25', 'goods_comment_comment': 'éå¸¸ä¸é”™ã€‚ç‰©æµä¹Ÿå¿«ã€‚å¾ˆå¥½ã€‚ä¼šç»§ç»­æ”¯æŒçš„'}]",https://www.adidas.com.cn/item/DU6799
RUN CAP å¸½å­,DT5439,Â¥429,0,é»‘,['OSFW'],"[' 2005å¹´å°±å¼€å§‹ä¸adidasè”æ‰‹çš„Stella McCartneyï¼Œç»§ç»­ä¸ºè¿™ä¸€æ–°æ¬¾ç³»åˆ—å¸¦æ¥å¥¹çš„ç‹¬åˆ°çœ¼å…‰ã€‚è¿™æ¬¾å¸½å­ï¼Œæ—¨åœ¨é€‚åˆæˆ·å¤–è®­ç»ƒå’Œè·‘æ­¥ï¼Œä¾§ç‰‡æ¿€å…‰æ‰“å­”ï¼Œä½©æˆ´èˆ’é€‚ã€‚é¥°æœ‰Stellaçš„åº”å­£èŠ±å‰å›¾æ¡ˆï¼Œå‘ˆç°å¥³æ€§é£é‡‡ï¼Œç¼€åå…‰å¾½æ ‡ï¼Œå±•ç°ä¸€æŠ¹äº®è‰²ã€‚ ', 'é¢„æˆå‹å¼§å½¢å¸½æª', 'å¯è°ƒå¼æ‰£å¸¦', 'æ¿€å…‰æ‰“å­”', 'adidas by Stella McCartneyå¾½æ ‡', 'åå…‰ç»†èŠ‚']","['https://img.adidas.com.cn/resources/2019/3/25/15535063479671217_2000X2000.jpg', 'https://img.adidas.com.cn/resources/2019/3/25/15535063572436512_2000X2000.jpg', 'https://img.adidas.com.cn/resources/2019/3/25/15535063521735567_2000X2000.jpg', 'https://img.adidas.com.cn/resources/2019/3/25/15535063600583468_2000X2000.jpg', 'https://img.adidas.com.cn/resources/2019/3/25/15535063495911280_2000X2000.jpg', 'https://img.adidas.com.cn/resources/2019/3/25/15535063547801113_2000X2000.jpg']",å¥³å­ Â adidas by Stella McCartney,22,women,1,[],https://www.adidas.com.cn/item/DT5439
AC CAP TRE FLAT å¸½å­,DV0236,Â¥299,0,é»‘/ç™½,"['OSFW', 'OSFM']","[' è½»æ¾æ˜“æ­ï¼Œé€‚åˆå‡ºè¡—ã€‚è¿™æ¬¾å¹³æªå¸½ï¼Œé‡‡ç”¨æ°´æ´—æ£‰æ–œçº¹å¸ƒæ‰“é€ ï¼Œæ—¨åœ¨å‘ˆç°ä¼‘é—²ä»¿æ—§æ°”è´¨ã€‚ç¼€ä¸‰å¶è‰ç»£ç« ï¼Œæ›´æ·»å‹æ ¼ã€‚é…ç®€çº¦æŒ‰æ‰£åå¸¦ï¼Œæ–¹ä¾¿è°ƒèŠ‚ã€‚ ', 'æ£‰', 'å¹³æª', 'å¯è°ƒèŠ‚æŒ‰æ‰£å¸¦']","['https://img.adidas.com.cn/resources/2019/3/25/15535038033274783_2000X2000.jpg', 'https://img.adidas.com.cn/resources/2019/3/25/15535038016397192_2000X2000.jpg', 'https://img.adidas.com.cn/resources/2019/3/25/15535038114474767_2000X2000.jpg', 'https://img.adidas.com.cn/resources/2019/3/25/15535038085749760_2000X2000.jpg', 'https://img.adidas.com.cn/resources/2019/3/25/15535038057896012_2000X2000.jpg', 'https://img.adidas.com.cn/resources/2019/3/25/15535038133387322_2000X2000.jpg']",ä¸­æ€§ Â ORIGINALS,23,women,1,"[{'goods_comment_star': 5, 'goods_comment_time': '2019/03/23', 'goods_comment_comment': 'æŒºå¥½çš„å¸½å­ï¼Œç©¿ç€è¿˜æ˜¯å¾ˆåˆé€‚å¾ˆèˆ’æœçš„'}, {'goods_comment_star': 5, 'goods_comment_time': '2019/03/12', 'goods_comment_comment': 'å¥½å¥½å¥½å¥½å¥½å¥½å¥½å¥½å¥½å¥½å¥½å¥½å¥½å¥½å¥½'}, {'goods_comment_star': 5, 'goods_comment_time': '2019/03/09', 'goods_comment_comment': 'éå¸¸å¥½å¥½å¥½å¥½å¥½å¥½å¥½å¥½å¥½å¥½å¥½å¥½å¥½'}, {'goods_comment_star': 5, 'goods_comment_time': '2019/02/16', 'goods_comment_comment': 'å¸½å­å¾ˆå¥½çœ‹ï¼Œæˆ´ç€èˆ’æœï¼å®Œç¾ï¼ï¼ï¼ï¼'}, {'goods_comment_star': 5, 'goods_comment_time': '2019/02/02', 'goods_comment_comment': 'å¸…åˆ°æ‰æ¸£çš„ä¸€é¡¶å¸½å­èˆ’æœçš„å¾ˆå‘¢å°±å–œæ¬¢ad'}]",https://www.adidas.com.cn/item/DV0236
6PCAP LTWGT EMB è¿åŠ¨å¸½,S98159,Â¥99,0,é»‘/é»‘/ç™½,"['OSFW', 'OSFM']","[' è¿™æ¬¾å¸½å­é‡‡ç”¨å…­ç‰‡å¼ç»“æ„ã€‚å†…ç½®Climaliteæ±—å¸¦ï¼Œæ­é…å¼§å½¢å¸½æªè®¾è®¡ï¼ŒåŠ›æ±‚è®©ä½ æ— æƒ§é˜³å…‰ã€‚èƒŒé¢è°ƒèŠ‚å¸¦ã€‚ ', 'Climaliteæ±—å¸¦', 'å¤§å·é¢„æˆå‹å¼§å½¢å¸½æª', 'èƒŒé¢æŒ‰æ‰£å›ºå®š', 'å…­ç‰‡å¼ç»“æ„', 'æ­£é¢é¥°adidasç»£æ ‡']","['https://img.adidas.com.cn/resources/2018/4/10/15233347804629131_2000X2000.jpg', 'https://img.adidas.com.cn/resources/2018/4/10/15233347860077731_2000X2000.jpg', 'https://img.adidas.com.cn/resources/2018/4/10/15233347903282769_2000X2000.jpg', 'https://img.adidas.com.cn/resources/2018/4/10/1523334787869807_2000X2000.jpg', 'https://img.adidas.com.cn/resources/2018/4/10/15233347773268152_2000X2000.jpg', 'https://img.adidas.com.cn/resources/2018/4/10/15233347834506547_2000X2000.jpg']",ä¸­æ€§ Â è¿åŠ¨è¡¨ç° Â è®­ç»ƒ,24,women,1,"[{'goods_comment_star': 5, 'goods_comment_time': '2019/04/03', 'goods_comment_comment': 'å¿«é€’å¾ˆå¿«ï¼Œä¸œè¥¿ä¸é”™ï¼Œä¸‹æ¬¡ä¼šè¿˜ç»§ç»­è´­ä¹°ã€‚'}, {'goods_comment_star': 5, 'goods_comment_time': '2019/04/02', 'goods_comment_comment': 'ä¸é”™................'}, {'goods_comment_star': 4, 'goods_comment_time': '2019/04/01', 'goods_comment_comment': 'ä¸è§£?æ€ä¹ˆæˆä¸­å±±å¸‚ç”Ÿäº§çš„äº†ï¼Œåˆæ²¡æœ‰æˆæƒè¯æ˜ä»€ä¹ˆçš„ã€‚'}, {'goods_comment_star': 5, 'goods_comment_time': '2019/04/01', 'goods_comment_comment': 'å¸½å­å¾ˆä¸é”™ï¼Œä¹‹å‰æƒ³ä¹°å¦ä¸€æ¬¾ æ·±è“çš„çš„ï¼Œå¯æƒœè¦ä¹°çš„æ—¶å€™ä¸‹æ¶äº†ï¼Œå°±ä¹°äº†è¿™æ¬¾ï¼Œè¿˜ä¸é”™'}, {'goods_comment_star': 5, 'goods_comment_time': '2019/03/27', 'goods_comment_comment': 'ç”¨ä¼˜æƒ åˆ¸ç»™è€çˆ¸ä¹°çš„ï¼Œä»–å¾ˆå–œæ¬¢ã€‚'}]",https://www.adidas.com.cn/item/S98159
6PCAP LTWGT EMB è¿åŠ¨å¸½,BK0794,Â¥99,0,ç™½/ç™½/é»‘,"['OSFW', 'OSFM']","[' è¿™æ¬¾å¸½å­é‡‡ç”¨å…­ç‰‡å¼ç»“æ„ã€‚å†…ç½®Climaliteæ±—å¸¦ï¼Œæ­é…å¼§å½¢å¸½æªè®¾è®¡ï¼ŒåŠ›æ±‚è®©ä½ æ— æƒ§é˜³å…‰ã€‚èƒŒé¢è°ƒèŠ‚å¸¦ã€‚ ', 'Climaliteæ±—å¸¦', 'å¤§å·é¢„æˆå‹å¼§å½¢å¸½æª', 'èƒŒé¢æŒ‰æ‰£å›ºå®š', 'å…­ç‰‡å¼ç»“æ„', 'æ­£é¢é¥°adidasç»£æ ‡']","['https://img.adidas.com.cn/resources/2018/4/10/15233269498394416_2000X2000.jpg', 'https://img.adidas.com.cn/resources/2018/4/10/15233269467609493_2000X2000.jpg', 'https://img.adidas.com.cn/resources/2018/4/10/15233269373194331_2000X2000.jpg', 'https://img.adidas.com.cn/resources/2018/4/10/15233269439217113_2000X2000.jpg', 'https://img.adidas.com.cn/resources/2018/4/10/15233269517454169_2000X2000.jpg', 'https://img.adidas.com.cn/resources/2018/4/10/1523326940209855_2000X2000.jpg']",ä¸­æ€§ Â è¿åŠ¨è¡¨ç° Â è®­ç»ƒ,25,women,1,"[{'goods_comment_star': 5, 'goods_comment_time': '2019/04/03', 'goods_comment_comment': 'å¿«é€’å¾ˆå¿«ï¼Œä¸œè¥¿ä¸é”™ï¼Œä¸‹æ¬¡ä¼šè¿˜ç»§ç»­è´­ä¹°ã€‚'}, {'goods_comment_star': 5, 'goods_comment_time': '2019/04/02', 'goods_comment_comment': 'ä¸é”™................'}, {'goods_comment_star': 4, 'goods_comment_time': '2019/04/01', 'goods_comment_comment': 'ä¸è§£?æ€ä¹ˆæˆä¸­å±±å¸‚ç”Ÿäº§çš„äº†ï¼Œåˆæ²¡æœ‰æˆæƒè¯æ˜ä»€ä¹ˆçš„ã€‚'}, {'goods_comment_star': 5, 'goods_comment_time': '2019/04/01', 'goods_comment_comment': 'å¸½å­å¾ˆä¸é”™ï¼Œä¹‹å‰æƒ³ä¹°å¦ä¸€æ¬¾ æ·±è“çš„çš„ï¼Œå¯æƒœè¦ä¹°çš„æ—¶å€™ä¸‹æ¶äº†ï¼Œå°±ä¹°äº†è¿™æ¬¾ï¼Œè¿˜ä¸é”™'}, {'goods_comment_star': 5, 'goods_comment_time': '2019/03/27', 'goods_comment_comment': 'ç”¨ä¼˜æƒ åˆ¸ç»™è€çˆ¸ä¹°çš„ï¼Œä»–å¾ˆå–œæ¬¢ã€‚'}]",https://www.adidas.com.cn/item/BK0794
R96 CC CAP è¿åŠ¨å¸½,CF9627,Â¥199,0,ç™½/ç™½/ç™½,"['OSFW', 'OSFM']","[' è¿™æ¬¾å¸½å­ï¼Œä¼´ä½ åœ¨éª„é˜³ä¸‹å¥”è·‘ã€‚é‡‡ç”¨Climacoolæ¸…é£é¢æ–™ã€‚å¸½åé…å¯è°ƒèŠ‚æ­æ‰£ã€‚é¥°æœ‰åå…‰ç»†èŠ‚ã€‚ ', 'Climacoolæ¸…é£é¢æ–™ï¼ŒåŠ›æ±‚é€‚åˆæš–å­£', 'ä¸­å¼§åº¦é¢„æˆå‹å¼§å½¢å¸½æª', 'å¯è°ƒèŠ‚æ­æ‰£å¼èƒŒå¸¦', 'åå…‰ç»†èŠ‚']","['https://img.adidas.com.cn/resources/2018/4/2/15226658760142255_2000X2000.jpg', 'https://img.adidas.com.cn/resources/2018/4/2/15226658697177869_2000X2000.jpg', 'https://img.adidas.com.cn/resources/2018/4/2/1522665874175702_2000X2000.jpg', 'https://img.adidas.com.cn/resources/2018/4/2/15226658715232294_2000X2000.jpg', 'https://img.adidas.com.cn/resources/2018/4/2/15226658788756989_2000X2000.jpg', 'https://img.adidas.com.cn/resources/2018/4/2/15226658664297866_2000X2000.jpg']",ä¸­æ€§ Â è¿åŠ¨è¡¨ç° Â è·‘æ­¥,26,women,1,"[{'goods_comment_star': 5, 'goods_comment_time': '2018/07/31', 'goods_comment_comment': 'å¾ˆå¥½å“¦ï¼Œå¥½çœ‹ã€‚ã€‚ã€‚ã€‚ã€‚ã€‚ã€‚ã€‚ã€‚ã€‚ã€‚ã€‚ã€‚'}, {'goods_comment_star': 5, 'goods_comment_time': '2018/07/15', 'goods_comment_comment': 'å¸½å­è´¨é‡å¥½,å¤§å°é€‚ä¸­,å¾ˆæ»¡æ„,å€¼å¾—è´­ä¹°'}, {'goods_comment_star': 4, 'goods_comment_time': '2018/07/04', 'goods_comment_comment': 'å¾ˆå¥½å¾ˆå¸…ï¼Œä¸ˆäººå¾ˆå–œæ¬¢ï¼ä»·æ ¼ä¹Ÿå®æƒ ï¼'}, {'goods_comment_star': 5, 'goods_comment_time': '2018/06/30', 'goods_comment_comment': 'å¾ˆå¥½ä¸é”™çš„å¸½å­ï¼Œå¾ˆå€¼å¾—å¸¦å‡ºå»ç©'}, {'goods_comment_star': 4, 'goods_comment_time': '2018/05/09', 'goods_comment_comment': 'æˆ´ä¸Šæ˜¾ç€å¤´æœ‰ç‚¹å¡Œï¼Œå› ä¸ºæ²¡æœ‰æ”¯æ’‘ï¼Œé€æ°”æ€§åº”è¯¥ä¸é”™ã€‚'}]",https://www.adidas.com.cn/item/CF9627
